timestamp,localized,temperature,pressure,humidity,altitude
1684206048130,2023-05-15T20:00:48.130(UTC-07:00),,710.3035,,2897.6426
1684206048420,2023-05-15T20:00:48.420(UTC-07:00),,710.3035,,2897.6426
1684206048710,2023-05-15T20:00:48.710(UTC-07:00),,710.3117,,2897.5516
1684206049025,2023-05-15T20:00:49.025(UTC-07:00),,710.3117,,2897.5516
1684206049340,2023-05-15T20:00:49.340(UTC-07:00),,710.3117,,2897.5516
1684206049655,2023-05-15T20:00:49.655(UTC-07:00),,710.3117,,2897.5516
1684206049940,2023-05-15T20:00:49.940(UTC-07:00),,710.3363,,2897.2785
1684206050225,2023-05-15T20:00:50.225(UTC-07:00),,710.3363,,2897.2785
1684206050511,2023-05-15T20:00:50.511(UTC-07:00),,710.3363,,2897.2785
1684206050825,2023-05-15T20:00:50.825(UTC-07:00),,710.3363,,2897.2785
1684206051140,2023-05-15T20:00:51.140(UTC-07:00),,710.3777,,2896.8190
1684206051455,2023-05-15T20:00:51.455(UTC-07:00),,710.3777,,2896.8190
1684206051745,2023-05-15T20:00:51.745(UTC-07:00),,710.3777,,2896.8190
1684206052035,2023-05-15T20:00:52.035(UTC-07:00),,710.4343,,2896.1908
1684206052325,2023-05-15T20:00:52.325(UTC-07:00),,710.4343,,2896.1908
1684206052635,2023-05-15T20:00:52.635(UTC-07:00),,710.4343,,2896.1908
1684206052945,2023-05-15T20:00:52.945(UTC-07:00),,710.4343,,2896.1908
1684206053255,2023-05-15T20:00:53.255(UTC-07:00),,710.4171,,2896.3817
1684206053560,2023-05-15T20:00:53.560(UTC-07:00),,710.4171,,2896.3817
1684206053865,2023-05-15T20:00:53.865(UTC-07:00),,710.4171,,2896.3817
1684206054170,2023-05-15T20:00:54.170(UTC-07:00),,710.4171,,2896.3817
1684206054465,2023-05-15T20:00:54.465(UTC-07:00),,710.4417,,2896.1086
1684206054760,2023-05-15T20:00:54.760(UTC-07:00),,710.4417,,2896.1086
1684206055055,2023-05-15T20:00:55.055(UTC-07:00),,710.4417,,2896.1086
1684206055340,2023-05-15T20:00:55.340(UTC-07:00),,710.4417,,2896.1086
1684206055625,2023-05-15T20:00:55.625(UTC-07:00),,710.4832,,2895.6481
1684206055911,2023-05-15T20:00:55.911(UTC-07:00),,710.4832,,2895.6481
1684206056225,2023-05-15T20:00:56.225(UTC-07:00),,710.4832,,2895.6481
1684206056540,2023-05-15T20:00:56.540(UTC-07:00),,710.4832,,2895.6481
1684206056855,2023-05-15T20:00:56.855(UTC-07:00),,710.4832,,2895.6481
1684206057140,2023-05-15T20:00:57.140(UTC-07:00),,710.4832,,2895.6481
1684206057425,2023-05-15T20:00:57.425(UTC-07:00),,710.4832,,2895.6481
1684206057710,2023-05-15T20:00:57.710(UTC-07:00),,710.5250,,2895.1842
1684206058045,2023-05-15T20:00:58.045(UTC-07:00),,710.5250,,2895.1842
1684206058380,2023-05-15T20:00:58.380(UTC-07:00),,710.5250,,2895.1842
1684206058715,2023-05-15T20:00:58.715(UTC-07:00),,710.5250,,2895.1842
1684206058984,2023-05-15T20:00:58.984(UTC-07:00),,710.5664,,2894.7247
1684206059254,2023-05-15T20:00:59.254(UTC-07:00),,710.5664,,2894.7247
1684206059524,2023-05-15T20:00:59.524(UTC-07:00),,710.5664,,2894.7247
1684206059834,2023-05-15T20:00:59.834(UTC-07:00),,710.5742,,2894.6382
1684206060144,2023-05-15T20:01:00.144(UTC-07:00),,710.5742,,2894.6382
1684206060455,2023-05-15T20:01:00.455(UTC-07:00),,710.5742,,2894.6382
1684206060745,2023-05-15T20:01:00.745(UTC-07:00),,710.5742,,2894.6382
1684206061035,2023-05-15T20:01:01.035(UTC-07:00),,710.5820,,2894.5516
1684206061325,2023-05-15T20:01:01.325(UTC-07:00),,710.5820,,2894.5516
1684206061635,2023-05-15T20:01:01.635(UTC-07:00),,710.5820,,2894.5516
1684206061945,2023-05-15T20:01:01.945(UTC-07:00),,710.5820,,2894.5516
1684206062255,2023-05-15T20:01:02.255(UTC-07:00),,710.5820,,2894.5516
1684206062555,2023-05-15T20:01:02.555(UTC-07:00),,710.5820,,2894.5516
1684206062855,2023-05-15T20:01:02.855(UTC-07:00),,710.5820,,2894.5516
1684206063155,2023-05-15T20:01:03.155(UTC-07:00),,710.5898,,2894.4651
1684206063455,2023-05-15T20:01:03.455(UTC-07:00),,710.5898,,2894.4651
1684206063755,2023-05-15T20:01:03.755(UTC-07:00),,710.5898,,2894.4651
1684206064055,2023-05-15T20:01:04.055(UTC-07:00),,710.5898,,2894.4651
1684206064340,2023-05-15T20:01:04.340(UTC-07:00),,710.6144,,2894.1921
1684206064625,2023-05-15T20:01:04.625(UTC-07:00),,710.6144,,2894.1921
1684206064911,2023-05-15T20:01:04.911(UTC-07:00),,710.6144,,2894.1921
1684206065226,2023-05-15T20:01:05.226(UTC-07:00),,710.6144,,2894.1921
1684206065541,2023-05-15T20:01:05.541(UTC-07:00),,710.6390,,2893.9191
1684206065856,2023-05-15T20:01:05.856(UTC-07:00),,710.6390,,2893.9191
1684206066140,2023-05-15T20:01:06.140(UTC-07:00),,710.6390,,2893.9191
1684206066425,2023-05-15T20:01:06.425(UTC-07:00),,710.6390,,2893.9191
1684206066710,2023-05-15T20:01:06.710(UTC-07:00),,710.6621,,2893.6628
1684206067050,2023-05-15T20:01:07.050(UTC-07:00),,710.6621,,2893.6628
1684206067390,2023-05-15T20:01:07.390(UTC-07:00),,710.6621,,2893.6628
1684206067731,2023-05-15T20:01:07.731(UTC-07:00),,710.6867,,2893.3899
1684206067991,2023-05-15T20:01:07.991(UTC-07:00),,710.6867,,2893.3899
1684206068251,2023-05-15T20:01:08.251(UTC-07:00),,710.6867,,2893.3899
1684206068511,2023-05-15T20:01:08.511(UTC-07:00),,710.6867,,2893.3899
1684206068835,2023-05-15T20:01:08.835(UTC-07:00),,710.6695,,2893.5807
1684206069160,2023-05-15T20:01:09.160(UTC-07:00),,710.6695,,2893.5807
1684206069485,2023-05-15T20:01:09.485(UTC-07:00),,710.6695,,2893.5807
1684206069760,2023-05-15T20:01:09.760(UTC-07:00),,710.6695,,2893.5807
1684206070035,2023-05-15T20:01:10.035(UTC-07:00),,710.6941,,2893.3078
1684206070311,2023-05-15T20:01:10.311(UTC-07:00),,710.6941,,2893.3078
1684206070631,2023-05-15T20:01:10.631(UTC-07:00),,710.6941,,2893.3078
1684206070951,2023-05-15T20:01:10.951(UTC-07:00),,710.7019,,2893.2212
1684206071271,2023-05-15T20:01:11.271(UTC-07:00),,710.7019,,2893.2212
1684206071560,2023-05-15T20:01:11.560(UTC-07:00),,710.7019,,2893.2212
1684206071850,2023-05-15T20:01:11.850(UTC-07:00),,710.7019,,2893.2212
1684206072140,2023-05-15T20:01:12.140(UTC-07:00),,710.7269,,2892.9438
1684206072450,2023-05-15T20:01:12.450(UTC-07:00),,710.7269,,2892.9438
1684206072760,2023-05-15T20:01:12.760(UTC-07:00),,710.7269,,2892.9438
1684206073070,2023-05-15T20:01:13.070(UTC-07:00),,710.7269,,2892.9438
1684206073350,2023-05-15T20:01:13.350(UTC-07:00),,710.7683,,2892.4845
1684206073630,2023-05-15T20:01:13.630(UTC-07:00),,710.7683,,2892.4845
1684206073911,2023-05-15T20:01:13.911(UTC-07:00),,710.7683,,2892.4845
1684206074230,2023-05-15T20:01:14.230(UTC-07:00),,710.7929,,2892.2116
1684206074550,2023-05-15T20:01:14.550(UTC-07:00),,710.7929,,2892.2116
1684206074870,2023-05-15T20:01:14.870(UTC-07:00),,710.7929,,2892.2116
1684206075150,2023-05-15T20:01:15.150(UTC-07:00),,710.7929,,2892.2116
1684206075430,2023-05-15T20:01:15.430(UTC-07:00),,710.8007,,2892.1251
1684206075710,2023-05-15T20:01:15.710(UTC-07:00),,710.8007,,2892.1251
1684206076040,2023-05-15T20:01:16.040(UTC-07:00),,710.8007,,2892.1251
1684206076370,2023-05-15T20:01:16.370(UTC-07:00),,710.8007,,2892.1251
1684206076700,2023-05-15T20:01:16.700(UTC-07:00),,710.8253,,2891.8522
1684206076980,2023-05-15T20:01:16.980(UTC-07:00),,710.8253,,2891.8522
1684206077260,2023-05-15T20:01:17.260(UTC-07:00),,710.8253,,2891.8522
1684206077540,2023-05-15T20:01:17.540(UTC-07:00),,710.8253,,2891.8522
1684206077850,2023-05-15T20:01:17.850(UTC-07:00),,710.8593,,2891.4750
1684206078160,2023-05-15T20:01:18.160(UTC-07:00),,710.8593,,2891.4750
1684206078470,2023-05-15T20:01:18.470(UTC-07:00),,710.8593,,2891.4750
1684206078750,2023-05-15T20:01:18.750(UTC-07:00),,710.8839,,2891.2021
1684206079030,2023-05-15T20:01:19.030(UTC-07:00),,710.8839,,2891.2021
1684206079310,2023-05-15T20:01:19.310(UTC-07:00),,710.8839,,2891.2021
1684206079635,2023-05-15T20:01:19.635(UTC-07:00),,710.8839,,2891.2021
1684206079960,2023-05-15T20:01:19.960(UTC-07:00),,710.9308,,2890.6819
1684206080285,2023-05-15T20:01:20.285(UTC-07:00),,710.9308,,2890.6819
1684206080569,2023-05-15T20:01:20.569(UTC-07:00),,710.9308,,2890.6819
1684206080854,2023-05-15T20:01:20.854(UTC-07:00),,710.9308,,2890.6819
1684206081139,2023-05-15T20:01:21.139(UTC-07:00),,710.9558,,2890.4045
1684206081449,2023-05-15T20:01:21.449(UTC-07:00),,710.9558,,2890.4045
1684206081759,2023-05-15T20:01:21.759(UTC-07:00),,710.9558,,2890.4045
1684206082070,2023-05-15T20:01:22.070(UTC-07:00),,710.9390,,2890.5909
1684206082350,2023-05-15T20:01:22.350(UTC-07:00),,710.9390,,2890.5909
1684206082630,2023-05-15T20:01:22.630(UTC-07:00),,710.9390,,2890.5909
1684206082910,2023-05-15T20:01:22.910(UTC-07:00),,710.9390,,2890.5909
1684206083230,2023-05-15T20:01:23.230(UTC-07:00),,710.9804,,2890.1317
1684206083550,2023-05-15T20:01:23.550(UTC-07:00),,710.9804,,2890.1317
1684206083870,2023-05-15T20:01:23.870(UTC-07:00),,710.9804,,2890.1317
1684206084150,2023-05-15T20:01:24.150(UTC-07:00),,710.9804,,2890.1317
1684206084430,2023-05-15T20:01:24.430(UTC-07:00),,710.9882,,2890.0452
1684206084710,2023-05-15T20:01:24.710(UTC-07:00),,710.9882,,2890.0452
1684206085035,2023-05-15T20:01:25.035(UTC-07:00),,710.9882,,2890.0452
1684206085360,2023-05-15T20:01:25.360(UTC-07:00),,710.1030,,2899.8689
1684206085685,2023-05-15T20:01:25.685(UTC-07:00),,710.1030,,2899.8689
1684206085960,2023-05-15T20:01:25.960(UTC-07:00),,710.1030,,2899.8689
1684206086235,2023-05-15T20:01:26.235(UTC-07:00),,710.1030,,2899.8689
1684206086511,2023-05-15T20:01:26.511(UTC-07:00),,710.1054,,2899.8416
1684206086830,2023-05-15T20:01:26.830(UTC-07:00),,710.1054,,2899.8416
1684206087150,2023-05-15T20:01:27.150(UTC-07:00),,710.1054,,2899.8416
1684206087470,2023-05-15T20:01:27.470(UTC-07:00),,710.1054,,2899.8416
1684206087750,2023-05-15T20:01:27.750(UTC-07:00),,710.1079,,2899.8141
1684206088030,2023-05-15T20:01:28.030(UTC-07:00),,710.1079,,2899.8141
1684206088310,2023-05-15T20:01:28.310(UTC-07:00),,710.1079,,2899.8141
1684206088635,2023-05-15T20:01:28.635(UTC-07:00),,710.1079,,2899.8141
1684206088960,2023-05-15T20:01:28.960(UTC-07:00),,710.1121,,2899.7677
1684206089285,2023-05-15T20:01:29.285(UTC-07:00),,710.1121,,2899.7677
1684206089570,2023-05-15T20:01:29.570(UTC-07:00),,710.1121,,2899.7677
1684206089855,2023-05-15T20:01:29.855(UTC-07:00),,710.1128,,2899.7591
1684206090140,2023-05-15T20:01:30.140(UTC-07:00),,710.1128,,2899.7591
1684206090455,2023-05-15T20:01:30.455(UTC-07:00),,710.1128,,2899.7591
1684206090770,2023-05-15T20:01:30.770(UTC-07:00),,710.1128,,2899.7591
1684206091085,2023-05-15T20:01:31.085(UTC-07:00),,710.1153,,2899.7318
1684206091360,2023-05-15T20:01:31.360(UTC-07:00),,710.1153,,2899.7318
1684206091635,2023-05-15T20:01:31.635(UTC-07:00),,710.1153,,2899.7318
1684206091910,2023-05-15T20:01:31.910(UTC-07:00),,710.1153,,2899.7318
1684206092235,2023-05-15T20:01:32.235(UTC-07:00),,710.1136,,2899.7504
1684206092560,2023-05-15T20:01:32.560(UTC-07:00),,710.1136,,2899.7504
1684206092885,2023-05-15T20:01:32.885(UTC-07:00),,710.1136,,2899.7504
1684206093160,2023-05-15T20:01:33.160(UTC-07:00),,710.1183,,2899.6980
1684206093435,2023-05-15T20:01:33.435(UTC-07:00),,710.1183,,2899.6980
1684206093710,2023-05-15T20:01:33.710(UTC-07:00),,710.1183,,2899.6980
1684206094035,2023-05-15T20:01:34.035(UTC-07:00),,710.1183,,2899.6980
1684206094360,2023-05-15T20:01:34.360(UTC-07:00),,710.1200,,2899.6794
1684206094685,2023-05-15T20:01:34.685(UTC-07:00),,710.1200,,2899.6794
1684206094960,2023-05-15T20:01:34.960(UTC-07:00),,710.1200,,2899.6794
1684206095235,2023-05-15T20:01:35.235(UTC-07:00),,710.1200,,2899.6794
1684206095511,2023-05-15T20:01:35.511(UTC-07:00),,710.1250,,2899.6246
1684206095835,2023-05-15T20:01:35.835(UTC-07:00),,710.1250,,2899.6246
1684206096160,2023-05-15T20:01:36.160(UTC-07:00),,710.1250,,2899.6246
1684206096485,2023-05-15T20:01:36.485(UTC-07:00),,710.1275,,2899.5969
1684206096760,2023-05-15T20:01:36.760(UTC-07:00),,710.1275,,2899.5969
1684206097035,2023-05-15T20:01:37.035(UTC-07:00),,710.1275,,2899.5969
1684206097310,2023-05-15T20:01:37.310(UTC-07:00),,710.1275,,2899.5969
1684206097635,2023-05-15T20:01:37.635(UTC-07:00),,710.1316,,2899.5509
1684206097960,2023-05-15T20:01:37.960(UTC-07:00),,710.1316,,2899.5509
1684206098286,2023-05-15T20:01:38.286(UTC-07:00),,710.1316,,2899.5509
1684206098570,2023-05-15T20:01:38.570(UTC-07:00),,710.1316,,2899.5509
1684206098855,2023-05-15T20:01:38.855(UTC-07:00),,710.1316,,2899.5509
1684206099140,2023-05-15T20:01:39.140(UTC-07:00),,710.1316,,2899.5509
1684206099460,2023-05-15T20:01:39.460(UTC-07:00),,710.1316,,2899.5509
1684206099780,2023-05-15T20:01:39.780(UTC-07:00),,710.1316,,2899.5509
1684206100100,2023-05-15T20:01:40.100(UTC-07:00),,710.1365,,2899.4963
1684206100370,2023-05-15T20:01:40.370(UTC-07:00),,710.1365,,2899.4963
1684206100640,2023-05-15T20:01:40.640(UTC-07:00),,710.1365,,2899.4963
1684206100910,2023-05-15T20:01:40.910(UTC-07:00),,710.1365,,2899.4963
1684206101235,2023-05-15T20:01:41.235(UTC-07:00),,710.1365,,2899.4963
1684206101560,2023-05-15T20:01:41.560(UTC-07:00),,710.1365,,2899.4963
1684206101885,2023-05-15T20:01:41.885(UTC-07:00),,710.1365,,2899.4963
1684206102160,2023-05-15T20:01:42.160(UTC-07:00),,710.1432,,2899.4226
1684206102435,2023-05-15T20:01:42.435(UTC-07:00),,710.1432,,2899.4226
1684206102711,2023-05-15T20:01:42.711(UTC-07:00),,710.1432,,2899.4226
1684206103035,2023-05-15T20:01:43.035(UTC-07:00),,710.1432,,2899.4226
1684206103360,2023-05-15T20:01:43.360(UTC-07:00),,710.1439,,2899.4143
1684206103685,2023-05-15T20:01:43.685(UTC-07:00),,710.1439,,2899.4143
1684206103960,2023-05-15T20:01:43.960(UTC-07:00),,710.1439,,2899.4143
1684206104235,2023-05-15T20:01:44.235(UTC-07:00),,710.1445,,2899.4074
1684206104511,2023-05-15T20:01:44.511(UTC-07:00),,710.1445,,2899.4074
1684206104811,2023-05-15T20:01:44.811(UTC-07:00),,710.1445,,2899.4074
1684206105111,2023-05-15T20:01:45.111(UTC-07:00),,710.1445,,2899.4074
1684206105411,2023-05-15T20:01:45.411(UTC-07:00),,710.1487,,2899.3614
1684206105711,2023-05-15T20:01:45.711(UTC-07:00),,710.1487,,2899.3614
1684206106011,2023-05-15T20:01:46.011(UTC-07:00),,710.1487,,2899.3614
1684206106311,2023-05-15T20:01:46.311(UTC-07:00),,710.1487,,2899.3614
1684206106611,2023-05-15T20:01:46.611(UTC-07:00),,710.1528,,2899.3154
1684206106911,2023-05-15T20:01:46.911(UTC-07:00),,710.1528,,2899.3154
1684206107211,2023-05-15T20:01:47.211(UTC-07:00),,710.1528,,2899.3154
1684206107520,2023-05-15T20:01:47.520(UTC-07:00),,710.1536,,2899.3068
1684206107830,2023-05-15T20:01:47.830(UTC-07:00),,710.1536,,2899.3068
1684206108140,2023-05-15T20:01:48.140(UTC-07:00),,710.1536,,2899.3068
1684206108430,2023-05-15T20:01:48.430(UTC-07:00),,710.1536,,2899.3068
1684206108720,2023-05-15T20:01:48.720(UTC-07:00),,710.1577,,2899.2608
1684206109011,2023-05-15T20:01:49.011(UTC-07:00),,710.1577,,2899.2608
1684206109310,2023-05-15T20:01:49.310(UTC-07:00),,710.1577,,2899.2608
1684206109610,2023-05-15T20:01:49.610(UTC-07:00),,710.1577,,2899.2608
1684206109910,2023-05-15T20:01:49.910(UTC-07:00),,710.1561,,2899.2795
1684206110210,2023-05-15T20:01:50.210(UTC-07:00),,710.1561,,2899.2795
1684206110510,2023-05-15T20:01:50.510(UTC-07:00),,710.1561,,2899.2795
1684206110811,2023-05-15T20:01:50.811(UTC-07:00),,710.1561,,2899.2795
1684206111111,2023-05-15T20:01:51.111(UTC-07:00),,710.1570,,2899.2686
1684206111411,2023-05-15T20:01:51.411(UTC-07:00),,710.1570,,2899.2686
1684206111711,2023-05-15T20:01:51.711(UTC-07:00),,710.1570,,2899.2686
1684206112011,2023-05-15T20:01:52.011(UTC-07:00),,710.1595,,2899.2413
1684206112311,2023-05-15T20:01:52.311(UTC-07:00),,710.1595,,2899.2413
1684206112611,2023-05-15T20:01:52.611(UTC-07:00),,710.1595,,2899.2413
1684206112911,2023-05-15T20:01:52.911(UTC-07:00),,710.1595,,2899.2413
1684206113211,2023-05-15T20:01:53.211(UTC-07:00),,710.1603,,2899.2326
1684206113511,2023-05-15T20:01:53.511(UTC-07:00),,710.1603,,2899.2326
1684206113811,2023-05-15T20:01:53.811(UTC-07:00),,710.1603,,2899.2326
1684206114111,2023-05-15T20:01:54.111(UTC-07:00),,710.1603,,2899.2326
1684206114411,2023-05-15T20:01:54.411(UTC-07:00),,710.1627,,2899.2053
1684206114716,2023-05-15T20:01:54.716(UTC-07:00),,710.1627,,2899.2053
1684206115021,2023-05-15T20:01:55.021(UTC-07:00),,710.1627,,2899.2053
1684206115326,2023-05-15T20:01:55.326(UTC-07:00),,710.1635,,2899.1966
1684206115621,2023-05-15T20:01:55.621(UTC-07:00),,710.1635,,2899.1966
1684206115916,2023-05-15T20:01:55.916(UTC-07:00),,710.1635,,2899.1966
1684206116211,2023-05-15T20:01:56.211(UTC-07:00),,710.1635,,2899.1966
1684206116515,2023-05-15T20:01:56.515(UTC-07:00),,710.1683,,2899.1437
1684206116820,2023-05-15T20:01:56.820(UTC-07:00),,710.1683,,2899.1437
1684206117125,2023-05-15T20:01:57.125(UTC-07:00),,710.1683,,2899.1437
1684206117420,2023-05-15T20:01:57.420(UTC-07:00),,710.1683,,2899.1437
1684206117715,2023-05-15T20:01:57.715(UTC-07:00),,710.1690,,2899.1355
1684206118011,2023-05-15T20:01:58.011(UTC-07:00),,710.1690,,2899.1355
1684206118311,2023-05-15T20:01:58.311(UTC-07:00),,710.1690,,2899.1355
1684206118611,2023-05-15T20:01:58.611(UTC-07:00),,710.1690,,2899.1355
1684206118911,2023-05-15T20:01:58.911(UTC-07:00),,710.1715,,2899.1081
1684206119211,2023-05-15T20:01:59.211(UTC-07:00),,710.1715,,2899.1081
1684206119511,2023-05-15T20:01:59.511(UTC-07:00),,710.1715,,2899.1081
1684206119811,2023-05-15T20:01:59.811(UTC-07:00),,710.1740,,2899.0804
1684206120111,2023-05-15T20:02:00.111(UTC-07:00),,710.1740,,2899.0804
1684206120411,2023-05-15T20:02:00.411(UTC-07:00),,710.1740,,2899.0804
1684206120711,2023-05-15T20:02:00.711(UTC-07:00),,710.1740,,2899.0804
1684206121011,2023-05-15T20:02:01.011(UTC-07:00),,710.1781,,2899.0344
1684206121311,2023-05-15T20:02:01.311(UTC-07:00),,710.1781,,2899.0344
1684206121611,2023-05-15T20:02:01.611(UTC-07:00),,710.1781,,2899.0344
1684206121915,2023-05-15T20:02:01.915(UTC-07:00),,710.1781,,2899.0344
1684206122220,2023-05-15T20:02:02.220(UTC-07:00),,710.1806,,2899.0071
1684206122525,2023-05-15T20:02:02.525(UTC-07:00),,710.1806,,2899.0071
1684206122840,2023-05-15T20:02:02.840(UTC-07:00),,710.1806,,2899.0071
1684206123155,2023-05-15T20:02:03.155(UTC-07:00),,710.1814,,2898.9985
1684206123470,2023-05-15T20:02:03.470(UTC-07:00),,710.1814,,2898.9985
1684206123755,2023-05-15T20:02:03.755(UTC-07:00),,710.1814,,2898.9985
1684206124040,2023-05-15T20:02:04.040(UTC-07:00),,710.1814,,2898.9985
1684206124325,2023-05-15T20:02:04.325(UTC-07:00),,710.1838,,2898.9712
1684206124620,2023-05-15T20:02:04.620(UTC-07:00),,710.1838,,2898.9712
1684206124915,2023-05-15T20:02:04.915(UTC-07:00),,710.1838,,2898.9712
1684206125211,2023-05-15T20:02:05.211(UTC-07:00),,710.1838,,2898.9712
1684206125515,2023-05-15T20:02:05.515(UTC-07:00),,710.1846,,2898.9625
1684206125820,2023-05-15T20:02:05.820(UTC-07:00),,710.1846,,2898.9625
1684206126125,2023-05-15T20:02:06.125(UTC-07:00),,710.1846,,2898.9625
1684206126420,2023-05-15T20:02:06.420(UTC-07:00),,710.1902,,2898.9000
1684206126715,2023-05-15T20:02:06.715(UTC-07:00),,710.1902,,2898.9000
1684206127011,2023-05-15T20:02:07.011(UTC-07:00),,710.1902,,2898.9000
1684206127330,2023-05-15T20:02:07.330(UTC-07:00),,710.1902,,2898.9000
1684206127650,2023-05-15T20:02:07.650(UTC-07:00),,710.1911,,2898.8909
1684206127970,2023-05-15T20:02:07.970(UTC-07:00),,710.1911,,2898.8909
1684206128250,2023-05-15T20:02:08.250(UTC-07:00),,710.1911,,2898.8909
1684206128530,2023-05-15T20:02:08.530(UTC-07:00),,710.1911,,2898.8909
1684206128811,2023-05-15T20:02:08.811(UTC-07:00),,710.1918,,2898.8822
1684206129115,2023-05-15T20:02:09.115(UTC-07:00),,710.1918,,2898.8822
1684206129420,2023-05-15T20:02:09.420(UTC-07:00),,710.1918,,2898.8822
1684206129725,2023-05-15T20:02:09.725(UTC-07:00),,710.1918,,2898.8822
1684206130020,2023-05-15T20:02:10.020(UTC-07:00),,710.1943,,2898.8549
1684206130315,2023-05-15T20:02:10.315(UTC-07:00),,710.1943,,2898.8549
1684206130611,2023-05-15T20:02:10.611(UTC-07:00),,710.1943,,2898.8549
1684206130915,2023-05-15T20:02:10.915(UTC-07:00),,710.1967,,2898.8276
1684206131220,2023-05-15T20:02:11.220(UTC-07:00),,710.1967,,2898.8276
1684206131525,2023-05-15T20:02:11.525(UTC-07:00),,710.1967,,2898.8276
1684206131835,2023-05-15T20:02:11.835(UTC-07:00),,710.1967,,2898.8276
1684206132145,2023-05-15T20:02:12.145(UTC-07:00),,710.1975,,2898.8189
1684206132455,2023-05-15T20:02:12.455(UTC-07:00),,710.1975,,2898.8189
1684206132745,2023-05-15T20:02:12.745(UTC-07:00),,710.1975,,2898.8189
1684206133035,2023-05-15T20:02:13.035(UTC-07:00),,710.1975,,2898.8189
1684206133325,2023-05-15T20:02:13.325(UTC-07:00),,710.2000,,2898.7915
1684206133620,2023-05-15T20:02:13.620(UTC-07:00),,710.2000,,2898.7915
1684206133915,2023-05-15T20:02:13.915(UTC-07:00),,710.2000,,2898.7915
1684206134211,2023-05-15T20:02:14.211(UTC-07:00),,710.2025,,2898.7642
1684206134516,2023-05-15T20:02:14.516(UTC-07:00),,710.2025,,2898.7642
1684206134821,2023-05-15T20:02:14.821(UTC-07:00),,710.2025,,2898.7642
1684206135126,2023-05-15T20:02:15.126(UTC-07:00),,710.2025,,2898.7642
1684206135421,2023-05-15T20:02:15.421(UTC-07:00),,710.2066,,2898.7183
1684206135716,2023-05-15T20:02:15.716(UTC-07:00),,710.2066,,2898.7183
1684206136012,2023-05-15T20:02:16.012(UTC-07:00),,710.2066,,2898.7183
1684206136336,2023-05-15T20:02:16.336(UTC-07:00),,710.2066,,2898.7183
1684206136661,2023-05-15T20:02:16.661(UTC-07:00),,710.2091,,2898.6909
1684206136986,2023-05-15T20:02:16.986(UTC-07:00),,710.2091,,2898.6909
1684206137261,2023-05-15T20:02:17.261(UTC-07:00),,710.2091,,2898.6909
1684206137536,2023-05-15T20:02:17.536(UTC-07:00),,710.2115,,2898.6636
1684206137812,2023-05-15T20:02:17.812(UTC-07:00),,710.2115,,2898.6636
1684206138116,2023-05-15T20:02:18.116(UTC-07:00),,710.2115,,2898.6636
1684206138421,2023-05-15T20:02:18.421(UTC-07:00),,710.2115,,2898.6636
1684206138726,2023-05-15T20:02:18.726(UTC-07:00),,710.2140,,2898.6363
1684206139021,2023-05-15T20:02:19.021(UTC-07:00),,710.2140,,2898.6363
1684206139317,2023-05-15T20:02:19.317(UTC-07:00),,710.2140,,2898.6363
1684206139613,2023-05-15T20:02:19.613(UTC-07:00),,710.2140,,2898.6363
1684206139917,2023-05-15T20:02:19.917(UTC-07:00),,710.2146,,2898.6294
1684206140221,2023-05-15T20:02:20.221(UTC-07:00),,710.2146,,2898.6294
1684206140526,2023-05-15T20:02:20.526(UTC-07:00),,710.2146,,2898.6294
1684206140831,2023-05-15T20:02:20.831(UTC-07:00),,710.2146,,2898.6294
1684206141136,2023-05-15T20:02:21.136(UTC-07:00),,710.2171,,2898.6020
1684206141442,2023-05-15T20:02:21.442(UTC-07:00),,710.2171,,2898.6020
1684206141736,2023-05-15T20:02:21.736(UTC-07:00),,710.2171,,2898.6020
1684206142031,2023-05-15T20:02:22.031(UTC-07:00),,710.2178,,2898.5934
1684206142326,2023-05-15T20:02:22.326(UTC-07:00),,710.2178,,2898.5934
1684206142621,2023-05-15T20:02:22.621(UTC-07:00),,710.2178,,2898.5934
1684206142916,2023-05-15T20:02:22.916(UTC-07:00),,710.2178,,2898.5934
1684206143212,2023-05-15T20:02:23.212(UTC-07:00),,710.2220,,2898.5474
1684206143516,2023-05-15T20:02:23.516(UTC-07:00),,710.2220,,2898.5474
1684206143821,2023-05-15T20:02:23.821(UTC-07:00),,710.2220,,2898.5474
1684206144126,2023-05-15T20:02:24.126(UTC-07:00),,710.2220,,2898.5474
1684206144421,2023-05-15T20:02:24.421(UTC-07:00),,710.2245,,2898.5197
1684206144716,2023-05-15T20:02:24.716(UTC-07:00),,710.2245,,2898.5197
1684206145012,2023-05-15T20:02:25.012(UTC-07:00),,710.2245,,2898.5197
1684206145337,2023-05-15T20:02:25.337(UTC-07:00),,710.2269,,2898.4923
1684206145662,2023-05-15T20:02:25.662(UTC-07:00),,710.2269,,2898.4923
1684206145987,2023-05-15T20:02:25.987(UTC-07:00),,710.2269,,2898.4923
1684206146262,2023-05-15T20:02:26.262(UTC-07:00),,710.2269,,2898.4923
1684206146537,2023-05-15T20:02:26.537(UTC-07:00),,710.2294,,2898.4650
1684206146812,2023-05-15T20:02:26.812(UTC-07:00),,710.2294,,2898.4650
1684206147116,2023-05-15T20:02:27.116(UTC-07:00),,710.2294,,2898.4650
1684206147421,2023-05-15T20:02:27.421(UTC-07:00),,710.2294,,2898.4650
1684206147726,2023-05-15T20:02:27.726(UTC-07:00),,710.2301,,2898.4568
1684206148031,2023-05-15T20:02:28.031(UTC-07:00),,710.2301,,2898.4568
1684206148336,2023-05-15T20:02:28.336(UTC-07:00),,710.2301,,2898.4568
1684206148642,2023-05-15T20:02:28.642(UTC-07:00),,710.2326,,2898.4295
1684206148937,2023-05-15T20:02:28.937(UTC-07:00),,710.2326,,2898.4295
1684206149232,2023-05-15T20:02:29.232(UTC-07:00),,710.2326,,2898.4295
1684206149527,2023-05-15T20:02:29.527(UTC-07:00),,710.2326,,2898.4295
1684206149826,2023-05-15T20:02:29.826(UTC-07:00),,710.2334,,2898.4204
1684206150126,2023-05-15T20:02:30.126(UTC-07:00),,710.2334,,2898.4204
1684206150426,2023-05-15T20:02:30.426(UTC-07:00),,710.2334,,2898.4204
1684206150726,2023-05-15T20:02:30.726(UTC-07:00),,710.2334,,2898.4204
1684206151026,2023-05-15T20:02:31.026(UTC-07:00),,710.2357,,2898.3952
1684206151326,2023-05-15T20:02:31.326(UTC-07:00),,710.2357,,2898.3952
1684206151621,2023-05-15T20:02:31.621(UTC-07:00),,710.2357,,2898.3952
1684206151916,2023-05-15T20:02:31.916(UTC-07:00),,710.2357,,2898.3952
1684206152212,2023-05-15T20:02:32.212(UTC-07:00),,710.2374,,2898.3766
1684206152517,2023-05-15T20:02:32.517(UTC-07:00),,710.2374,,2898.3766
1684206152822,2023-05-15T20:02:32.822(UTC-07:00),,710.2374,,2898.3766
1684206153127,2023-05-15T20:02:33.127(UTC-07:00),,710.2398,,2898.3492
1684206153422,2023-05-15T20:02:33.422(UTC-07:00),,710.2398,,2898.3492
1684206153717,2023-05-15T20:02:33.717(UTC-07:00),,710.2398,,2898.3492
1684206154012,2023-05-15T20:02:34.012(UTC-07:00),,710.2398,,2898.3492
1684206154336,2023-05-15T20:02:34.336(UTC-07:00),,710.2423,,2898.3219
1684206154661,2023-05-15T20:02:34.661(UTC-07:00),,710.2423,,2898.3219
1684206154986,2023-05-15T20:02:34.986(UTC-07:00),,710.2423,,2898.3219
1684206155261,2023-05-15T20:02:35.261(UTC-07:00),,710.2423,,2898.3219
1684206155536,2023-05-15T20:02:35.536(UTC-07:00),,710.2448,,2898.2946
1684206155812,2023-05-15T20:02:35.812(UTC-07:00),,710.2448,,2898.2946
1684206156116,2023-05-15T20:02:36.116(UTC-07:00),,710.2448,,2898.2946
1684206156421,2023-05-15T20:02:36.421(UTC-07:00),,710.2456,,2898.2855
1684206156726,2023-05-15T20:02:36.726(UTC-07:00),,710.2456,,2898.2855
1684206157021,2023-05-15T20:02:37.021(UTC-07:00),,710.2456,,2898.2855
1684206157316,2023-05-15T20:02:37.316(UTC-07:00),,710.2456,,2898.2855
1684206157612,2023-05-15T20:02:37.612(UTC-07:00),,710.2463,,2898.2773
1684206157916,2023-05-15T20:02:37.916(UTC-07:00),,710.2463,,2898.2773
1684206158221,2023-05-15T20:02:38.221(UTC-07:00),,710.2463,,2898.2773
1684206158526,2023-05-15T20:02:38.526(UTC-07:00),,710.2463,,2898.2773
1684206158826,2023-05-15T20:02:38.826(UTC-07:00),,710.2488,,2898.2500
1684206159126,2023-05-15T20:02:39.126(UTC-07:00),,710.2488,,2898.2500
1684206159426,2023-05-15T20:02:39.426(UTC-07:00),,710.2488,,2898.2500
1684206159731,2023-05-15T20:02:39.731(UTC-07:00),,710.2496,,2898.2409
1684206160036,2023-05-15T20:02:40.036(UTC-07:00),,710.2496,,2898.2409
1684206160342,2023-05-15T20:02:40.342(UTC-07:00),,710.2496,,2898.2409
1684206160632,2023-05-15T20:02:40.632(UTC-07:00),,710.2496,,2898.2409
1684206160922,2023-05-15T20:02:40.922(UTC-07:00),,710.2521,,2898.2135
1684206161212,2023-05-15T20:02:41.212(UTC-07:00),,710.2521,,2898.2135
1684206161521,2023-05-15T20:02:41.521(UTC-07:00),,710.2521,,2898.2135
1684206161831,2023-05-15T20:02:41.831(UTC-07:00),,710.2521,,2898.2135
1684206162141,2023-05-15T20:02:42.141(UTC-07:00),,710.2528,,2898.2048
1684206162431,2023-05-15T20:02:42.431(UTC-07:00),,710.2528,,2898.2048
1684206162721,2023-05-15T20:02:42.721(UTC-07:00),,710.2528,,2898.2048
1684206163012,2023-05-15T20:02:43.012(UTC-07:00),,710.2528,,2898.2048
1684206163332,2023-05-15T20:02:43.332(UTC-07:00),,710.2551,,2898.1797
1684206163652,2023-05-15T20:02:43.652(UTC-07:00),,710.2551,,2898.1797
1684206163972,2023-05-15T20:02:43.972(UTC-07:00),,710.2551,,2898.1797
1684206164252,2023-05-15T20:02:44.252(UTC-07:00),,710.2559,,2898.1711
1684206164532,2023-05-15T20:02:44.532(UTC-07:00),,710.2559,,2898.1711
1684206164812,2023-05-15T20:02:44.812(UTC-07:00),,710.2559,,2898.1711
1684206165122,2023-05-15T20:02:45.122(UTC-07:00),,710.2559,,2898.1711
1684206165432,2023-05-15T20:02:45.432(UTC-07:00),,710.2583,,2898.1438
1684206165742,2023-05-15T20:02:45.742(UTC-07:00),,710.2583,,2898.1438
1684206166032,2023-05-15T20:02:46.032(UTC-07:00),,710.2583,,2898.1438
1684206166322,2023-05-15T20:02:46.322(UTC-07:00),,710.2583,,2898.1438
1684206166612,2023-05-15T20:02:46.612(UTC-07:00),,710.2608,,2898.1164
1684206166922,2023-05-15T20:02:46.922(UTC-07:00),,710.2608,,2898.1164
1684206167232,2023-05-15T20:02:47.232(UTC-07:00),,710.2608,,2898.1164
1684206167542,2023-05-15T20:02:47.542(UTC-07:00),,710.2633,,2898.0890
1684206167832,2023-05-15T20:02:47.832(UTC-07:00),,710.2633,,2898.0890
1684206168122,2023-05-15T20:02:48.122(UTC-07:00),,710.2633,,2898.0890
1684206168412,2023-05-15T20:02:48.412(UTC-07:00),,710.2633,,2898.0890
1684206168722,2023-05-15T20:02:48.722(UTC-07:00),,710.2657,,2898.0617
1684206169032,2023-05-15T20:02:49.032(UTC-07:00),,710.2657,,2898.0617
1684206169342,2023-05-15T20:02:49.342(UTC-07:00),,710.2657,,2898.0617
1684206169632,2023-05-15T20:02:49.632(UTC-07:00),,710.2657,,2898.0617
1684206169922,2023-05-15T20:02:49.922(UTC-07:00),,710.2682,,2898.0340
1684206170212,2023-05-15T20:02:50.212(UTC-07:00),,710.2682,,2898.0340
1684206170522,2023-05-15T20:02:50.522(UTC-07:00),,710.2682,,2898.0340
1684206170832,2023-05-15T20:02:50.832(UTC-07:00),,710.2707,,2898.0067
1684206171142,2023-05-15T20:02:51.142(UTC-07:00),,710.2707,,2898.0067
1684206171432,2023-05-15T20:02:51.432(UTC-07:00),,710.2707,,2898.0067
1684206171722,2023-05-15T20:02:51.722(UTC-07:00),,710.2707,,2898.0067
1684206172012,2023-05-15T20:02:52.012(UTC-07:00),,710.2732,,2897.9794
1684206172327,2023-05-15T20:02:52.327(UTC-07:00),,710.2732,,2897.9794
1684206172642,2023-05-15T20:02:52.642(UTC-07:00),,710.2732,,2897.9794
1684206172957,2023-05-15T20:02:52.957(UTC-07:00),,710.2732,,2897.9794
1684206173247,2023-05-15T20:02:53.247(UTC-07:00),,710.2756,,2897.9521
1684206173537,2023-05-15T20:02:53.537(UTC-07:00),,710.2756,,2897.9521
1684206173828,2023-05-15T20:02:53.828(UTC-07:00),,710.2756,,2897.9521
1684206174132,2023-05-15T20:02:54.132(UTC-07:00),,710.2756,,2897.9521
1684206174437,2023-05-15T20:02:54.437(UTC-07:00),,710.2783,,2897.9225
1684206174742,2023-05-15T20:02:54.742(UTC-07:00),,710.2783,,2897.9225
1684206175032,2023-05-15T20:02:55.032(UTC-07:00),,710.2783,,2897.9225
1684206175322,2023-05-15T20:02:55.322(UTC-07:00),,710.2807,,2897.8952
1684206175613,2023-05-15T20:02:55.613(UTC-07:00),,710.2807,,2897.8952
1684206175922,2023-05-15T20:02:55.922(UTC-07:00),,710.2807,,2897.8952
1684206176232,2023-05-15T20:02:56.232(UTC-07:00),,710.2807,,2897.8952
1684206176542,2023-05-15T20:02:56.542(UTC-07:00),,710.2830,,2897.8701
1684206176837,2023-05-15T20:02:56.837(UTC-07:00),,710.2830,,2897.8701
1684206177132,2023-05-15T20:02:57.132(UTC-07:00),,710.2830,,2897.8701
1684206177427,2023-05-15T20:02:57.427(UTC-07:00),,710.2830,,2897.8701
1684206177732,2023-05-15T20:02:57.732(UTC-07:00),,710.2847,,2897.8515
1684206178037,2023-05-15T20:02:58.037(UTC-07:00),,710.2847,,2897.8515
1684206178342,2023-05-15T20:02:58.342(UTC-07:00),,710.2847,,2897.8515
1684206178637,2023-05-15T20:02:58.637(UTC-07:00),,710.2871,,2897.8242
1684206178932,2023-05-15T20:02:58.932(UTC-07:00),,710.2871,,2897.8242
1684206179227,2023-05-15T20:02:59.227(UTC-07:00),,710.2871,,2897.8242
1684206179537,2023-05-15T20:02:59.537(UTC-07:00),,710.2871,,2897.8242
1684206179847,2023-05-15T20:02:59.847(UTC-07:00),,710.2913,,2897.7782
1684206180157,2023-05-15T20:03:00.157(UTC-07:00),,710.2913,,2897.7782
1684206180447,2023-05-15T20:03:00.447(UTC-07:00),,710.2913,,2897.7782
1684206180737,2023-05-15T20:03:00.737(UTC-07:00),,710.2913,,2897.7782
1684206181027,2023-05-15T20:03:01.027(UTC-07:00),,710.2938,,2897.7508
1684206181337,2023-05-15T20:03:01.337(UTC-07:00),,710.2938,,2897.7508
1684206181647,2023-05-15T20:03:01.647(UTC-07:00),,710.2938,,2897.7508
1684206181957,2023-05-15T20:03:01.957(UTC-07:00),,710.2946,,2897.7417
1684206182247,2023-05-15T20:03:02.247(UTC-07:00),,710.2946,,2897.7417
1684206182537,2023-05-15T20:03:02.537(UTC-07:00),,710.2946,,2897.7417
1684206182828,2023-05-15T20:03:02.828(UTC-07:00),,710.2946,,2897.7417
1684206183137,2023-05-15T20:03:03.137(UTC-07:00),,710.2987,,2897.6957
1684206183447,2023-05-15T20:03:03.447(UTC-07:00),,710.2987,,2897.6957
1684206183757,2023-05-15T20:03:03.757(UTC-07:00),,710.2987,,2897.6957
1684206184047,2023-05-15T20:03:04.047(UTC-07:00),,710.2987,,2897.6957
1684206184337,2023-05-15T20:03:04.337(UTC-07:00),,710.3029,,2897.6493
1684206184627,2023-05-15T20:03:04.627(UTC-07:00),,710.3029,,2897.6493
1684206184937,2023-05-15T20:03:04.937(UTC-07:00),,710.3029,,2897.6493
1684206185247,2023-05-15T20:03:05.247(UTC-07:00),,710.3029,,2897.6493
1684206185557,2023-05-15T20:03:05.557(UTC-07:00),,710.3012,,2897.6684
1684206185847,2023-05-15T20:03:05.847(UTC-07:00),,710.3012,,2897.6684
1684206186137,2023-05-15T20:03:06.137(UTC-07:00),,710.3012,,2897.6684
1684206186428,2023-05-15T20:03:06.428(UTC-07:00),,710.3036,,2897.6411
1684206186737,2023-05-15T20:03:06.737(UTC-07:00),,710.3036,,2897.6411
1684206187047,2023-05-15T20:03:07.047(UTC-07:00),,710.3036,,2897.6411
1684206187357,2023-05-15T20:03:07.357(UTC-07:00),,710.3036,,2897.6411
1684206187647,2023-05-15T20:03:07.647(UTC-07:00),,710.3078,,2897.5947
1684206187937,2023-05-15T20:03:07.937(UTC-07:00),,710.3078,,2897.5947
1684206188228,2023-05-15T20:03:08.228(UTC-07:00),,710.3078,,2897.5947
1684206188537,2023-05-15T20:03:08.537(UTC-07:00),,710.3078,,2897.5947
1684206188847,2023-05-15T20:03:08.847(UTC-07:00),,710.3085,,2897.5865
1684206189157,2023-05-15T20:03:09.157(UTC-07:00),,710.3085,,2897.5865
1684206189447,2023-05-15T20:03:09.447(UTC-07:00),,710.3085,,2897.5865
1684206189737,2023-05-15T20:03:09.737(UTC-07:00),,710.3125,,2897.5423
1684206190028,2023-05-15T20:03:10.028(UTC-07:00),,710.3125,,2897.5423
1684206190337,2023-05-15T20:03:10.337(UTC-07:00),,710.3125,,2897.5423
1684206190647,2023-05-15T20:03:10.647(UTC-07:00),,710.3125,,2897.5423
1684206190957,2023-05-15T20:03:10.957(UTC-07:00),,710.3167,,2897.4964
1684206191247,2023-05-15T20:03:11.247(UTC-07:00),,710.3167,,2897.4964
1684206191537,2023-05-15T20:03:11.537(UTC-07:00),,710.3167,,2897.4964
1684206191828,2023-05-15T20:03:11.828(UTC-07:00),,710.3167,,2897.4964
1684206192157,2023-05-15T20:03:12.157(UTC-07:00),,710.3191,,2897.4690
1684206192487,2023-05-15T20:03:12.487(UTC-07:00),,710.3191,,2897.4690
1684206192817,2023-05-15T20:03:12.817(UTC-07:00),,710.3191,,2897.4690
1684206193087,2023-05-15T20:03:13.087(UTC-07:00),,710.3216,,2897.4412
1684206193357,2023-05-15T20:03:13.357(UTC-07:00),,710.3216,,2897.4412
1684206193627,2023-05-15T20:03:13.627(UTC-07:00),,710.3216,,2897.4412
1684206193937,2023-05-15T20:03:13.937(UTC-07:00),,710.3216,,2897.4412
1684206194247,2023-05-15T20:03:14.247(UTC-07:00),,710.3241,,2897.4139
1684206194557,2023-05-15T20:03:14.557(UTC-07:00),,710.3241,,2897.4139
1684206194847,2023-05-15T20:03:14.847(UTC-07:00),,710.3241,,2897.4139
1684206195137,2023-05-15T20:03:15.137(UTC-07:00),,710.3241,,2897.4139
1684206195427,2023-05-15T20:03:15.427(UTC-07:00),,710.3282,,2897.3680
1684206195736,2023-05-15T20:03:15.736(UTC-07:00),,710.3282,,2897.3680
1684206196046,2023-05-15T20:03:16.046(UTC-07:00),,710.3282,,2897.3680
1684206196356,2023-05-15T20:03:16.356(UTC-07:00),,710.3282,,2897.3680
1684206196661,2023-05-15T20:03:16.661(UTC-07:00),,710.3299,,2897.3493
1684206196966,2023-05-15T20:03:16.966(UTC-07:00),,710.3299,,2897.3493
1684206197271,2023-05-15T20:03:17.271(UTC-07:00),,710.3299,,2897.3493
1684206197566,2023-05-15T20:03:17.566(UTC-07:00),,710.3324,,2897.3220
1684206197861,2023-05-15T20:03:17.861(UTC-07:00),,710.3324,,2897.3220
1684206198156,2023-05-15T20:03:18.156(UTC-07:00),,710.3324,,2897.3220
1684206198446,2023-05-15T20:03:18.446(UTC-07:00),,710.3324,,2897.3220
1684206198736,2023-05-15T20:03:18.736(UTC-07:00),,710.3332,,2897.3133
1684206199027,2023-05-15T20:03:19.027(UTC-07:00),,710.3332,,2897.3133
1684206199341,2023-05-15T20:03:19.341(UTC-07:00),,710.3332,,2897.3133
1684206199656,2023-05-15T20:03:19.656(UTC-07:00),,710.3332,,2897.3133
1684206199971,2023-05-15T20:03:19.971(UTC-07:00),,710.3356,,2897.2860
1684206200256,2023-05-15T20:03:20.256(UTC-07:00),,710.3356,,2897.2860
1684206200541,2023-05-15T20:03:20.541(UTC-07:00),,710.3356,,2897.2860
1684206200827,2023-05-15T20:03:20.827(UTC-07:00),,710.3415,,2897.2210
