timestamp,localized,red,ir,max_dietemp
1684198543997,2023-05-15T17:55:43.997(UTC-07:00),30483,42872
1684198544001,2023-05-15T17:55:44.001(UTC-07:00),30485,42879,
1684198544005,2023-05-15T17:55:44.005(UTC-07:00),30487,42885,
1684198544010,2023-05-15T17:55:44.010(UTC-07:00),30489,42891,
1684198544014,2023-05-15T17:55:44.014(UTC-07:00),30491,42896,
1684198544018,2023-05-15T17:55:44.018(UTC-07:00),30492,42899,
1684198544022,2023-05-15T17:55:44.022(UTC-07:00),30492,42901,
1684198544027,2023-05-15T17:55:44.027(UTC-07:00),30492,42902,
1684198544031,2023-05-15T17:55:44.031(UTC-07:00),30490,42901,
1684198544035,2023-05-15T17:55:44.035(UTC-07:00),30488,42899,
1684198544040,2023-05-15T17:55:44.040(UTC-07:00),30485,42894,
1684198544044,2023-05-15T17:55:44.044(UTC-07:00),30483,42890,
1684198544048,2023-05-15T17:55:44.048(UTC-07:00),30481,42886,
1684198544052,2023-05-15T17:55:44.052(UTC-07:00),30480,42884,
1684198544057,2023-05-15T17:55:44.057(UTC-07:00),30480,42884,
1684198544061,2023-05-15T17:55:44.061(UTC-07:00),30481,42886,
1684198544065,2023-05-15T17:55:44.065(UTC-07:00),30481,42889,
1684198544070,2023-05-15T17:55:44.070(UTC-07:00),30482,42890,
1684198544074,2023-05-15T17:55:44.074(UTC-07:00),30482,42890,
1684198544078,2023-05-15T17:55:44.078(UTC-07:00),30481,42889,
1684198544082,2023-05-15T17:55:44.082(UTC-07:00),30481,42886,
1684198544087,2023-05-15T17:55:44.087(UTC-07:00),30480,42881,
1684198544091,2023-05-15T17:55:44.091(UTC-07:00),30478,42876,
1684198544095,2023-05-15T17:55:44.095(UTC-07:00),30476,42871,
1684198544100,2023-05-15T17:55:44.100(UTC-07:00),30474,42867,
1684198544104,2023-05-15T17:55:44.104(UTC-07:00),30472,42864,
1684198544108,2023-05-15T17:55:44.108(UTC-07:00),30471,42861,
1684198544112,2023-05-15T17:55:44.112(UTC-07:00),30470,42860,
1684198544117,2023-05-15T17:55:44.117(UTC-07:00),30470,42859,
1684198544121,2023-05-15T17:55:44.121(UTC-07:00),30469,42858,
1684198544125,2023-05-15T17:55:44.125(UTC-07:00),30469,42859,
1684198544130,2023-05-15T17:55:44.130(UTC-07:00),30468,42860,35
1684198544150,2023-05-15T17:55:44.150(UTC-07:00),30468,42861
1684198544170,2023-05-15T17:55:44.170(UTC-07:00),30468,42863,
1684198544190,2023-05-15T17:55:44.190(UTC-07:00),30468,42864,
1684198544210,2023-05-15T17:55:44.210(UTC-07:00),30468,42864,
1684198544230,2023-05-15T17:55:44.230(UTC-07:00),30468,42863,
1684198544250,2023-05-15T17:55:44.250(UTC-07:00),30467,42861,
1684198544270,2023-05-15T17:55:44.270(UTC-07:00),30467,42860,
1684198544291,2023-05-15T17:55:44.291(UTC-07:00),30466,42859,
1684198544311,2023-05-15T17:55:44.311(UTC-07:00),30466,42860,
1684198544331,2023-05-15T17:55:44.331(UTC-07:00),30467,42863,
1684198544351,2023-05-15T17:55:44.351(UTC-07:00),30467,42866,
1684198544371,2023-05-15T17:55:44.371(UTC-07:00),30468,42870,
1684198544391,2023-05-15T17:55:44.391(UTC-07:00),30470,42874,
1684198544411,2023-05-15T17:55:44.411(UTC-07:00),30471,42878,
1684198544431,2023-05-15T17:55:44.431(UTC-07:00),30473,42882,
1684198544452,2023-05-15T17:55:44.452(UTC-07:00),30474,42886,
1684198544472,2023-05-15T17:55:44.472(UTC-07:00),30476,42891,
1684198544492,2023-05-15T17:55:44.492(UTC-07:00),30477,42895,
1684198544512,2023-05-15T17:55:44.512(UTC-07:00),30478,42899,
1684198544532,2023-05-15T17:55:44.532(UTC-07:00),30479,42902,
1684198544552,2023-05-15T17:55:44.552(UTC-07:00),30480,42904,
1684198544572,2023-05-15T17:55:44.572(UTC-07:00),30480,42906,
1684198544592,2023-05-15T17:55:44.592(UTC-07:00),30481,42907,
1684198544613,2023-05-15T17:55:44.613(UTC-07:00),30481,42909,
1684198544633,2023-05-15T17:55:44.633(UTC-07:00),30481,42911,
1684198544653,2023-05-15T17:55:44.653(UTC-07:00),30481,42912,
1684198544673,2023-05-15T17:55:44.673(UTC-07:00),30481,42912,
1684198544693,2023-05-15T17:55:44.693(UTC-07:00),30480,42909,
1684198544713,2023-05-15T17:55:44.713(UTC-07:00),30478,42905,
1684198544733,2023-05-15T17:55:44.733(UTC-07:00),30476,42898,
1684198544753,2023-05-15T17:55:44.753(UTC-07:00),30473,42890,
1684198544774,2023-05-15T17:55:44.774(UTC-07:00),30469,42881,35
1684198544796,2023-05-15T17:55:44.796(UTC-07:00),30466,42873
1684198544819,2023-05-15T17:55:44.819(UTC-07:00),30464,42866,
1684198544841,2023-05-15T17:55:44.841(UTC-07:00),30462,42861,
1684198544864,2023-05-15T17:55:44.864(UTC-07:00),30460,42858,
1684198544886,2023-05-15T17:55:44.886(UTC-07:00),30459,42855,
1684198544909,2023-05-15T17:55:44.909(UTC-07:00),30458,42853,
1684198544931,2023-05-15T17:55:44.931(UTC-07:00),30458,42851,
1684198544954,2023-05-15T17:55:44.954(UTC-07:00),30458,42851,
1684198544976,2023-05-15T17:55:44.976(UTC-07:00),30458,42851,
1684198544999,2023-05-15T17:55:44.999(UTC-07:00),30457,42852,
1684198545021,2023-05-15T17:55:45.021(UTC-07:00),30457,42853,
1684198545044,2023-05-15T17:55:45.044(UTC-07:00),30456,42854,
1684198545066,2023-05-15T17:55:45.066(UTC-07:00),30455,42854,
1684198545089,2023-05-15T17:55:45.089(UTC-07:00),30455,42854,
1684198545111,2023-05-15T17:55:45.111(UTC-07:00),30455,42854,
1684198545134,2023-05-15T17:55:45.134(UTC-07:00),30456,42855,
1684198545157,2023-05-15T17:55:45.157(UTC-07:00),30458,42856,
1684198545179,2023-05-15T17:55:45.179(UTC-07:00),30459,42858,
1684198545202,2023-05-15T17:55:45.202(UTC-07:00),30460,42861,
1684198545224,2023-05-15T17:55:45.224(UTC-07:00),30461,42864,
1684198545247,2023-05-15T17:55:45.247(UTC-07:00),30461,42866,
1684198545269,2023-05-15T17:55:45.269(UTC-07:00),30461,42868,
1684198545292,2023-05-15T17:55:45.292(UTC-07:00),30462,42871,
1684198545314,2023-05-15T17:55:45.314(UTC-07:00),30462,42874,
1684198545337,2023-05-15T17:55:45.337(UTC-07:00),30463,42877,
1684198545359,2023-05-15T17:55:45.359(UTC-07:00),30465,42880,
1684198545382,2023-05-15T17:55:45.382(UTC-07:00),30466,42884,
1684198545404,2023-05-15T17:55:45.404(UTC-07:00),30468,42887,
1684198545427,2023-05-15T17:55:45.427(UTC-07:00),30469,42891,
1684198545449,2023-05-15T17:55:45.449(UTC-07:00),30470,42894,
1684198545472,2023-05-15T17:55:45.472(UTC-07:00),30471,42896,
1684198545495,2023-05-15T17:55:45.495(UTC-07:00),30471,42898,35
1684198545513,2023-05-15T17:55:45.513(UTC-07:00),30471,42899
1684198545532,2023-05-15T17:55:45.532(UTC-07:00),30471,42898,
1684198545551,2023-05-15T17:55:45.551(UTC-07:00),30470,42896,
1684198545570,2023-05-15T17:55:45.570(UTC-07:00),30468,42892,
1684198545588,2023-05-15T17:55:45.588(UTC-07:00),30465,42885,
1684198545607,2023-05-15T17:55:45.607(UTC-07:00),30462,42877,
1684198545626,2023-05-15T17:55:45.626(UTC-07:00),30459,42868,
1684198545645,2023-05-15T17:55:45.645(UTC-07:00),30456,42859,
1684198545663,2023-05-15T17:55:45.663(UTC-07:00),30454,42853,
1684198545682,2023-05-15T17:55:45.682(UTC-07:00),30453,42848,
1684198545701,2023-05-15T17:55:45.701(UTC-07:00),30453,42844,
1684198545720,2023-05-15T17:55:45.720(UTC-07:00),30452,42842,
1684198545738,2023-05-15T17:55:45.738(UTC-07:00),30452,42841,
1684198545757,2023-05-15T17:55:45.757(UTC-07:00),30452,42840,
1684198545776,2023-05-15T17:55:45.776(UTC-07:00),30452,42841,
1684198545795,2023-05-15T17:55:45.795(UTC-07:00),30452,42842,
1684198545813,2023-05-15T17:55:45.813(UTC-07:00),30452,42843,
1684198545832,2023-05-15T17:55:45.832(UTC-07:00),30453,42844,
1684198545851,2023-05-15T17:55:45.851(UTC-07:00),30452,42844,
1684198545870,2023-05-15T17:55:45.870(UTC-07:00),30452,42844,
1684198545888,2023-05-15T17:55:45.888(UTC-07:00),30452,42842,
1684198545907,2023-05-15T17:55:45.907(UTC-07:00),30452,42841,
1684198545926,2023-05-15T17:55:45.926(UTC-07:00),30452,42840,
1684198545945,2023-05-15T17:55:45.945(UTC-07:00),30452,42840,
1684198545963,2023-05-15T17:55:45.963(UTC-07:00),30453,42841,
1684198545982,2023-05-15T17:55:45.982(UTC-07:00),30453,42842,
1684198546001,2023-05-15T17:55:46.001(UTC-07:00),30454,42845,
1684198546020,2023-05-15T17:55:46.020(UTC-07:00),30455,42848,
1684198546038,2023-05-15T17:55:46.038(UTC-07:00),30455,42851,
1684198546057,2023-05-15T17:55:46.057(UTC-07:00),30456,42855,
1684198546076,2023-05-15T17:55:46.076(UTC-07:00),30458,42858,
1684198546095,2023-05-15T17:55:46.095(UTC-07:00),30460,42861,35
1684198546114,2023-05-15T17:55:46.114(UTC-07:00),30461,42864
1684198546133,2023-05-15T17:55:46.133(UTC-07:00),30462,42867,
1684198546152,2023-05-15T17:55:46.152(UTC-07:00),30462,42870,
1684198546171,2023-05-15T17:55:46.171(UTC-07:00),30463,42872,
1684198546190,2023-05-15T17:55:46.190(UTC-07:00),30463,42874,
1684198546210,2023-05-15T17:55:46.210(UTC-07:00),30464,42876,
1684198546229,2023-05-15T17:55:46.229(UTC-07:00),30464,42878,
1684198546248,2023-05-15T17:55:46.248(UTC-07:00),30466,42881,
1684198546267,2023-05-15T17:55:46.267(UTC-07:00),30467,42884,
1684198546286,2023-05-15T17:55:46.286(UTC-07:00),30467,42887,
1684198546306,2023-05-15T17:55:46.306(UTC-07:00),30467,42887,
1684198546325,2023-05-15T17:55:46.325(UTC-07:00),30467,42885,
1684198546344,2023-05-15T17:55:46.344(UTC-07:00),30465,42880,
1684198546363,2023-05-15T17:55:46.363(UTC-07:00),30463,42872,
1684198546382,2023-05-15T17:55:46.382(UTC-07:00),30460,42863,
1684198546402,2023-05-15T17:55:46.402(UTC-07:00),30457,42854,
1684198546421,2023-05-15T17:55:46.421(UTC-07:00),30454,42846,
1684198546440,2023-05-15T17:55:46.440(UTC-07:00),30452,42839,
1684198546459,2023-05-15T17:55:46.459(UTC-07:00),30450,42834,
1684198546478,2023-05-15T17:55:46.478(UTC-07:00),30449,42831,
1684198546497,2023-05-15T17:55:46.497(UTC-07:00),30449,42829,
1684198546517,2023-05-15T17:55:46.517(UTC-07:00),30449,42829,
1684198546536,2023-05-15T17:55:46.536(UTC-07:00),30450,42829,
1684198546555,2023-05-15T17:55:46.555(UTC-07:00),30450,42831,
1684198546574,2023-05-15T17:55:46.574(UTC-07:00),30451,42832,
1684198546593,2023-05-15T17:55:46.593(UTC-07:00),30451,42834,
1684198546613,2023-05-15T17:55:46.613(UTC-07:00),30452,42835,
1684198546632,2023-05-15T17:55:46.632(UTC-07:00),30453,42836,
1684198546651,2023-05-15T17:55:46.651(UTC-07:00),30453,42836,
1684198546670,2023-05-15T17:55:46.670(UTC-07:00),30454,42836,
1684198546689,2023-05-15T17:55:46.689(UTC-07:00),30455,42837,
1684198546709,2023-05-15T17:55:46.709(UTC-07:00),30455,42837,35
1684198546728,2023-05-15T17:55:46.728(UTC-07:00),30455,42839
1684198546748,2023-05-15T17:55:46.748(UTC-07:00),30456,42842,
1684198546768,2023-05-15T17:55:46.768(UTC-07:00),30457,42845,
1684198546787,2023-05-15T17:55:46.787(UTC-07:00),30459,42849,
1684198546807,2023-05-15T17:55:46.807(UTC-07:00),30461,42853,
1684198546827,2023-05-15T17:55:46.827(UTC-07:00),30463,42856,
1684198546846,2023-05-15T17:55:46.846(UTC-07:00),30464,42859,
1684198546866,2023-05-15T17:55:46.866(UTC-07:00),30465,42862,
1684198546886,2023-05-15T17:55:46.886(UTC-07:00),30465,42865,
1684198546905,2023-05-15T17:55:46.905(UTC-07:00),30465,42868,
1684198546925,2023-05-15T17:55:46.925(UTC-07:00),30465,42871,
1684198546945,2023-05-15T17:55:46.945(UTC-07:00),30466,42873,
1684198546964,2023-05-15T17:55:46.964(UTC-07:00),30467,42875,
1684198546984,2023-05-15T17:55:46.984(UTC-07:00),30469,42878,
1684198547004,2023-05-15T17:55:47.004(UTC-07:00),30470,42882,
1684198547024,2023-05-15T17:55:47.024(UTC-07:00),30472,42887,
1684198547043,2023-05-15T17:55:47.043(UTC-07:00),30474,42892,
1684198547063,2023-05-15T17:55:47.063(UTC-07:00),30476,42897,
1684198547083,2023-05-15T17:55:47.083(UTC-07:00),30478,42902,
1684198547102,2023-05-15T17:55:47.102(UTC-07:00),30479,42905,
1684198547122,2023-05-15T17:55:47.122(UTC-07:00),30479,42905,
1684198547142,2023-05-15T17:55:47.142(UTC-07:00),30479,42904,
1684198547161,2023-05-15T17:55:47.161(UTC-07:00),30477,42899,
1684198547181,2023-05-15T17:55:47.181(UTC-07:00),30475,42893,
1684198547201,2023-05-15T17:55:47.201(UTC-07:00),30472,42886,
1684198547220,2023-05-15T17:55:47.220(UTC-07:00),30470,42878,
1684198547240,2023-05-15T17:55:47.240(UTC-07:00),30467,42871,
1684198547260,2023-05-15T17:55:47.260(UTC-07:00),30464,42865,
1684198547279,2023-05-15T17:55:47.279(UTC-07:00),30461,42860,
1684198547299,2023-05-15T17:55:47.299(UTC-07:00),30459,42855,
1684198547319,2023-05-15T17:55:47.319(UTC-07:00),30458,42852,
1684198547339,2023-05-15T17:55:47.339(UTC-07:00),30458,42850,35
1684198547359,2023-05-15T17:55:47.359(UTC-07:00),30458,42849
1684198547380,2023-05-15T17:55:47.380(UTC-07:00),30458,42849,
1684198547400,2023-05-15T17:55:47.400(UTC-07:00),30458,42850,
1684198547421,2023-05-15T17:55:47.421(UTC-07:00),30458,42851,
1684198547442,2023-05-15T17:55:47.442(UTC-07:00),30458,42851,
1684198547462,2023-05-15T17:55:47.462(UTC-07:00),30457,42851,
1684198547483,2023-05-15T17:55:47.483(UTC-07:00),30457,42849,
1684198547504,2023-05-15T17:55:47.504(UTC-07:00),30457,42849,
1684198547524,2023-05-15T17:55:47.524(UTC-07:00),30457,42848,
1684198547545,2023-05-15T17:55:47.545(UTC-07:00),30457,42849,
1684198547566,2023-05-15T17:55:47.566(UTC-07:00),30457,42849,
1684198547586,2023-05-15T17:55:47.586(UTC-07:00),30456,42850,
1684198547607,2023-05-15T17:55:47.607(UTC-07:00),30455,42851,
1684198547628,2023-05-15T17:55:47.628(UTC-07:00),30455,42852,
1684198547648,2023-05-15T17:55:47.648(UTC-07:00),30456,42853,
1684198547669,2023-05-15T17:55:47.669(UTC-07:00),30457,42856,
1684198547690,2023-05-15T17:55:47.690(UTC-07:00),30458,42859,
1684198547710,2023-05-15T17:55:47.710(UTC-07:00),30460,42862,
1684198547731,2023-05-15T17:55:47.731(UTC-07:00),30462,42866,
1684198547752,2023-05-15T17:55:47.752(UTC-07:00),30463,42870,
1684198547772,2023-05-15T17:55:47.772(UTC-07:00),30464,42874,
1684198547793,2023-05-15T17:55:47.793(UTC-07:00),30465,42878,
1684198547814,2023-05-15T17:55:47.814(UTC-07:00),30466,42882,
1684198547834,2023-05-15T17:55:47.834(UTC-07:00),30467,42886,
1684198547855,2023-05-15T17:55:47.855(UTC-07:00),30468,42889,
1684198547876,2023-05-15T17:55:47.876(UTC-07:00),30469,42892,
1684198547896,2023-05-15T17:55:47.896(UTC-07:00),30470,42895,
1684198547917,2023-05-15T17:55:47.917(UTC-07:00),30471,42897,
1684198547938,2023-05-15T17:55:47.938(UTC-07:00),30472,42900,
1684198547958,2023-05-15T17:55:47.958(UTC-07:00),30473,42902,
1684198547979,2023-05-15T17:55:47.979(UTC-07:00),30473,42904,
1684198548000,2023-05-15T17:55:48.000(UTC-07:00),30473,42904,35
1684198548021,2023-05-15T17:55:48.021(UTC-07:00),30472,42901
1684198548043,2023-05-15T17:55:48.043(UTC-07:00),30471,42896,
1684198548064,2023-05-15T17:55:48.064(UTC-07:00),30468,42888,
1684198548086,2023-05-15T17:55:48.086(UTC-07:00),30465,42880,
1684198548107,2023-05-15T17:55:48.107(UTC-07:00),30462,42871,
1684198548129,2023-05-15T17:55:48.129(UTC-07:00),30460,42864,
1684198548150,2023-05-15T17:55:48.150(UTC-07:00),30457,42858,
1684198548172,2023-05-15T17:55:48.172(UTC-07:00),30456,42853,
1684198548194,2023-05-15T17:55:48.194(UTC-07:00),30455,42851,
1684198548215,2023-05-15T17:55:48.215(UTC-07:00),30455,42849,
1684198548237,2023-05-15T17:55:48.237(UTC-07:00),30454,42848,
1684198548258,2023-05-15T17:55:48.258(UTC-07:00),30454,42848,
1684198548280,2023-05-15T17:55:48.280(UTC-07:00),30455,42847,
1684198548301,2023-05-15T17:55:48.301(UTC-07:00),30454,42847,
1684198548323,2023-05-15T17:55:48.323(UTC-07:00),30454,42847,
1684198548345,2023-05-15T17:55:48.345(UTC-07:00),30453,42846,
1684198548366,2023-05-15T17:55:48.366(UTC-07:00),30453,42846,
1684198548388,2023-05-15T17:55:48.388(UTC-07:00),30453,42846,
1684198548409,2023-05-15T17:55:48.409(UTC-07:00),30453,42847,
1684198548431,2023-05-15T17:55:48.431(UTC-07:00),30453,42847,
1684198548452,2023-05-15T17:55:48.452(UTC-07:00),30454,42849,
1684198548474,2023-05-15T17:55:48.474(UTC-07:00),30453,42850,
1684198548495,2023-05-15T17:55:48.495(UTC-07:00),30453,42851,
1684198548517,2023-05-15T17:55:48.517(UTC-07:00),30453,42852,
1684198548539,2023-05-15T17:55:48.539(UTC-07:00),30453,42853,
1684198548560,2023-05-15T17:55:48.560(UTC-07:00),30454,42854,
1684198548582,2023-05-15T17:55:48.582(UTC-07:00),30454,42856,
1684198548603,2023-05-15T17:55:48.603(UTC-07:00),30455,42859,
1684198548625,2023-05-15T17:55:48.625(UTC-07:00),30456,42862,
1684198548646,2023-05-15T17:55:48.646(UTC-07:00),30458,42865,
1684198548668,2023-05-15T17:55:48.668(UTC-07:00),30459,42869,
1684198548690,2023-05-15T17:55:48.690(UTC-07:00),30461,42874,35
1684198548708,2023-05-15T17:55:48.708(UTC-07:00),30462,42878
1684198548727,2023-05-15T17:55:48.727(UTC-07:00),30463,42883,
1684198548746,2023-05-15T17:55:48.746(UTC-07:00),30465,42887,
1684198548765,2023-05-15T17:55:48.765(UTC-07:00),30466,42891,
1684198548783,2023-05-15T17:55:48.783(UTC-07:00),30468,42894,
1684198548802,2023-05-15T17:55:48.802(UTC-07:00),30469,42897,
1684198548821,2023-05-15T17:55:48.821(UTC-07:00),30470,42900,
1684198548840,2023-05-15T17:55:48.840(UTC-07:00),30471,42904,
1684198548858,2023-05-15T17:55:48.858(UTC-07:00),30472,42907,
1684198548877,2023-05-15T17:55:48.877(UTC-07:00),30472,42909,
1684198548896,2023-05-15T17:55:48.896(UTC-07:00),30473,42910,
1684198548915,2023-05-15T17:55:48.915(UTC-07:00),30472,42908,
1684198548933,2023-05-15T17:55:48.933(UTC-07:00),30471,42904,
1684198548952,2023-05-15T17:55:48.952(UTC-07:00),30469,42898,
1684198548971,2023-05-15T17:55:48.971(UTC-07:00),30467,42890,
1684198548990,2023-05-15T17:55:48.990(UTC-07:00),30464,42882,
1684198549008,2023-05-15T17:55:49.008(UTC-07:00),30462,42874,
1684198549027,2023-05-15T17:55:49.027(UTC-07:00),30459,42868,
1684198549046,2023-05-15T17:55:49.046(UTC-07:00),30457,42862,
1684198549065,2023-05-15T17:55:49.065(UTC-07:00),30456,42859,
1684198549083,2023-05-15T17:55:49.083(UTC-07:00),30454,42856,
1684198549102,2023-05-15T17:55:49.102(UTC-07:00),30453,42854,
1684198549121,2023-05-15T17:55:49.121(UTC-07:00),30453,42853,
1684198549140,2023-05-15T17:55:49.140(UTC-07:00),30453,42852,
1684198549158,2023-05-15T17:55:49.158(UTC-07:00),30453,42853,
1684198549177,2023-05-15T17:55:49.177(UTC-07:00),30453,42853,
1684198549196,2023-05-15T17:55:49.196(UTC-07:00),30453,42853,
1684198549215,2023-05-15T17:55:49.215(UTC-07:00),30453,42853,
1684198549233,2023-05-15T17:55:49.233(UTC-07:00),30452,42853,
1684198549252,2023-05-15T17:55:49.252(UTC-07:00),30452,42853,
1684198549271,2023-05-15T17:55:49.271(UTC-07:00),30452,42853,
1684198549290,2023-05-15T17:55:49.290(UTC-07:00),30452,42853,35
1684198549309,2023-05-15T17:55:49.309(UTC-07:00),30453,42854
1684198549328,2023-05-15T17:55:49.328(UTC-07:00),30453,42855,
1684198549347,2023-05-15T17:55:49.347(UTC-07:00),30454,42856,
1684198549366,2023-05-15T17:55:49.366(UTC-07:00),30454,42857,
1684198549385,2023-05-15T17:55:49.385(UTC-07:00),30455,42858,
1684198549405,2023-05-15T17:55:49.405(UTC-07:00),30456,42860,
1684198549424,2023-05-15T17:55:49.424(UTC-07:00),30457,42861,
1684198549443,2023-05-15T17:55:49.443(UTC-07:00),30457,42863,
1684198549462,2023-05-15T17:55:49.462(UTC-07:00),30458,42866,
1684198549481,2023-05-15T17:55:49.481(UTC-07:00),30458,42870,
1684198549501,2023-05-15T17:55:49.501(UTC-07:00),30459,42873,
1684198549520,2023-05-15T17:55:49.520(UTC-07:00),30460,42877,
1684198549539,2023-05-15T17:55:49.539(UTC-07:00),30462,42880,
1684198549558,2023-05-15T17:55:49.558(UTC-07:00),30463,42883,
1684198549577,2023-05-15T17:55:49.577(UTC-07:00),30465,42886,
1684198549597,2023-05-15T17:55:49.597(UTC-07:00),30466,42889,
1684198549616,2023-05-15T17:55:49.616(UTC-07:00),30467,42893,
1684198549635,2023-05-15T17:55:49.635(UTC-07:00),30468,42896,
1684198549654,2023-05-15T17:55:49.654(UTC-07:00),30469,42900,
1684198549673,2023-05-15T17:55:49.673(UTC-07:00),30470,42904,
1684198549692,2023-05-15T17:55:49.692(UTC-07:00),30471,42907,
1684198549712,2023-05-15T17:55:49.712(UTC-07:00),30472,42909,
1684198549731,2023-05-15T17:55:49.731(UTC-07:00),30473,42910,
1684198549750,2023-05-15T17:55:49.750(UTC-07:00),30473,42909,
1684198549769,2023-05-15T17:55:49.769(UTC-07:00),30472,42906,
1684198549788,2023-05-15T17:55:49.788(UTC-07:00),30471,42902,
1684198549808,2023-05-15T17:55:49.808(UTC-07:00),30468,42895,
1684198549827,2023-05-15T17:55:49.827(UTC-07:00),30466,42888,
1684198549846,2023-05-15T17:55:49.846(UTC-07:00),30463,42880,
1684198549865,2023-05-15T17:55:49.865(UTC-07:00),30461,42873,
1684198549884,2023-05-15T17:55:49.884(UTC-07:00),30459,42867,
1684198549904,2023-05-15T17:55:49.904(UTC-07:00),30458,42862,35
1684198549924,2023-05-15T17:55:49.924(UTC-07:00),30457,42859
1684198549944,2023-05-15T17:55:49.944(UTC-07:00),30456,42856,
1684198549964,2023-05-15T17:55:49.964(UTC-07:00),30456,42854,
1684198549984,2023-05-15T17:55:49.984(UTC-07:00),30455,42853,
1684198550004,2023-05-15T17:55:50.004(UTC-07:00),30455,42851,
1684198550025,2023-05-15T17:55:50.025(UTC-07:00),30454,42850,
1684198550045,2023-05-15T17:55:50.045(UTC-07:00),30453,42849,
1684198550065,2023-05-15T17:55:50.065(UTC-07:00),30453,42848,
1684198550085,2023-05-15T17:55:50.085(UTC-07:00),30453,42849,
1684198550105,2023-05-15T17:55:50.105(UTC-07:00),30453,42850,
1684198550126,2023-05-15T17:55:50.126(UTC-07:00),30453,42851,
1684198550146,2023-05-15T17:55:50.146(UTC-07:00),30452,42851,
1684198550166,2023-05-15T17:55:50.166(UTC-07:00),30451,42851,
1684198550186,2023-05-15T17:55:50.186(UTC-07:00),30451,42850,
1684198550206,2023-05-15T17:55:50.206(UTC-07:00),30451,42851,
1684198550227,2023-05-15T17:55:50.227(UTC-07:00),30452,42852,
1684198550247,2023-05-15T17:55:50.247(UTC-07:00),30453,42855,
1684198550267,2023-05-15T17:55:50.267(UTC-07:00),30454,42857,
1684198550287,2023-05-15T17:55:50.287(UTC-07:00),30455,42860,
1684198550307,2023-05-15T17:55:50.307(UTC-07:00),30456,42863,
1684198550327,2023-05-15T17:55:50.327(UTC-07:00),30457,42866,
1684198550348,2023-05-15T17:55:50.348(UTC-07:00),30458,42869,
1684198550368,2023-05-15T17:55:50.368(UTC-07:00),30460,42873,
1684198550388,2023-05-15T17:55:50.388(UTC-07:00),30461,42876,
1684198550408,2023-05-15T17:55:50.408(UTC-07:00),30463,42880,
1684198550428,2023-05-15T17:55:50.428(UTC-07:00),30464,42883,
1684198550449,2023-05-15T17:55:50.449(UTC-07:00),30465,42887,
1684198550469,2023-05-15T17:55:50.469(UTC-07:00),30466,42890,
1684198550489,2023-05-15T17:55:50.489(UTC-07:00),30467,42894,
1684198550509,2023-05-15T17:55:50.509(UTC-07:00),30469,42898,
1684198550529,2023-05-15T17:55:50.529(UTC-07:00),30470,42903,
1684198550550,2023-05-15T17:55:50.550(UTC-07:00),30472,42908,35
1684198550570,2023-05-15T17:55:50.570(UTC-07:00),30474,42912
1684198550590,2023-05-15T17:55:50.590(UTC-07:00),30475,42915,
1684198550610,2023-05-15T17:55:50.610(UTC-07:00),30475,42917,
1684198550630,2023-05-15T17:55:50.630(UTC-07:00),30474,42917,
1684198550650,2023-05-15T17:55:50.650(UTC-07:00),30474,42915,
1684198550670,2023-05-15T17:55:50.670(UTC-07:00),30473,42911,
1684198550690,2023-05-15T17:55:50.690(UTC-07:00),30472,42906,
1684198550711,2023-05-15T17:55:50.711(UTC-07:00),30470,42899,
1684198550731,2023-05-15T17:55:50.731(UTC-07:00),30468,42892,
1684198550751,2023-05-15T17:55:50.751(UTC-07:00),30465,42886,
1684198550771,2023-05-15T17:55:50.771(UTC-07:00),30462,42879,
1684198550791,2023-05-15T17:55:50.791(UTC-07:00),30460,42873,
1684198550811,2023-05-15T17:55:50.811(UTC-07:00),30458,42868,
1684198550831,2023-05-15T17:55:50.831(UTC-07:00),30457,42864,
1684198550851,2023-05-15T17:55:50.851(UTC-07:00),30456,42860,
1684198550872,2023-05-15T17:55:50.872(UTC-07:00),30455,42858,
1684198550892,2023-05-15T17:55:50.892(UTC-07:00),30454,42856,
1684198550912,2023-05-15T17:55:50.912(UTC-07:00),30453,42855,
1684198550932,2023-05-15T17:55:50.932(UTC-07:00),30452,42855,
1684198550952,2023-05-15T17:55:50.952(UTC-07:00),30452,42855,
1684198550972,2023-05-15T17:55:50.972(UTC-07:00),30453,42855,
1684198550992,2023-05-15T17:55:50.992(UTC-07:00),30453,42854,
1684198551012,2023-05-15T17:55:51.012(UTC-07:00),30454,42854,
1684198551033,2023-05-15T17:55:51.033(UTC-07:00),30454,42853,
1684198551053,2023-05-15T17:55:51.053(UTC-07:00),30454,42854,
1684198551073,2023-05-15T17:55:51.073(UTC-07:00),30453,42854,
1684198551093,2023-05-15T17:55:51.093(UTC-07:00),30453,42855,
1684198551113,2023-05-15T17:55:51.113(UTC-07:00),30453,42856,
1684198551133,2023-05-15T17:55:51.133(UTC-07:00),30454,42858,
1684198551153,2023-05-15T17:55:51.153(UTC-07:00),30456,42862,
1684198551173,2023-05-15T17:55:51.173(UTC-07:00),30458,42866,
1684198551194,2023-05-15T17:55:51.194(UTC-07:00),30459,42869,35
1684198551216,2023-05-15T17:55:51.216(UTC-07:00),30460,42873
1684198551238,2023-05-15T17:55:51.238(UTC-07:00),30461,42876,
1684198551260,2023-05-15T17:55:51.260(UTC-07:00),30462,42879,
1684198551282,2023-05-15T17:55:51.282(UTC-07:00),30463,42882,
1684198551304,2023-05-15T17:55:51.304(UTC-07:00),30464,42885,
1684198551326,2023-05-15T17:55:51.326(UTC-07:00),30464,42888,
1684198551348,2023-05-15T17:55:51.348(UTC-07:00),30464,42891,
1684198551370,2023-05-15T17:55:51.370(UTC-07:00),30465,42895,
1684198551392,2023-05-15T17:55:51.392(UTC-07:00),30466,42899,
1684198551414,2023-05-15T17:55:51.414(UTC-07:00),30468,42903,
1684198551436,2023-05-15T17:55:51.436(UTC-07:00),30469,42907,
1684198551458,2023-05-15T17:55:51.458(UTC-07:00),30471,42909,
1684198551480,2023-05-15T17:55:51.480(UTC-07:00),30472,42912,
1684198551502,2023-05-15T17:55:51.502(UTC-07:00),30473,42915,
1684198551524,2023-05-15T17:55:51.524(UTC-07:00),30474,42918,
1684198551546,2023-05-15T17:55:51.546(UTC-07:00),30475,42921,
1684198551568,2023-05-15T17:55:51.568(UTC-07:00),30476,42923,
1684198551590,2023-05-15T17:55:51.590(UTC-07:00),30476,42924,
1684198551612,2023-05-15T17:55:51.612(UTC-07:00),30476,42923,
1684198551634,2023-05-15T17:55:51.634(UTC-07:00),30475,42920,
1684198551656,2023-05-15T17:55:51.656(UTC-07:00),30474,42916,
1684198551678,2023-05-15T17:55:51.678(UTC-07:00),30472,42909,
1684198551700,2023-05-15T17:55:51.700(UTC-07:00),30468,42901,
1684198551722,2023-05-15T17:55:51.722(UTC-07:00),30464,42892,
1684198551744,2023-05-15T17:55:51.744(UTC-07:00),30461,42884,
1684198551766,2023-05-15T17:55:51.766(UTC-07:00),30458,42877,
1684198551788,2023-05-15T17:55:51.788(UTC-07:00),30457,42872,
1684198551810,2023-05-15T17:55:51.810(UTC-07:00),30455,42868,
1684198551832,2023-05-15T17:55:51.832(UTC-07:00),30455,42865,
1684198551854,2023-05-15T17:55:51.854(UTC-07:00),30454,42863,
1684198551876,2023-05-15T17:55:51.876(UTC-07:00),30454,42861,
1684198551899,2023-05-15T17:55:51.899(UTC-07:00),30453,42859,35
1684198551917,2023-05-15T17:55:51.917(UTC-07:00),30453,42858
1684198551936,2023-05-15T17:55:51.936(UTC-07:00),30453,42857,
1684198551955,2023-05-15T17:55:51.955(UTC-07:00),30453,42857,
1684198551974,2023-05-15T17:55:51.974(UTC-07:00),30452,42857,
1684198551992,2023-05-15T17:55:51.992(UTC-07:00),30452,42857,
1684198552011,2023-05-15T17:55:52.011(UTC-07:00),30452,42856,
1684198552030,2023-05-15T17:55:52.030(UTC-07:00),30452,42855,
1684198552049,2023-05-15T17:55:52.049(UTC-07:00),30452,42855,
1684198552068,2023-05-15T17:55:52.068(UTC-07:00),30453,42856,
1684198552086,2023-05-15T17:55:52.086(UTC-07:00),30453,42858,
1684198552105,2023-05-15T17:55:52.105(UTC-07:00),30453,42860,
1684198552124,2023-05-15T17:55:52.124(UTC-07:00),30453,42861,
1684198552143,2023-05-15T17:55:52.143(UTC-07:00),30454,42863,
1684198552161,2023-05-15T17:55:52.161(UTC-07:00),30454,42864,
1684198552180,2023-05-15T17:55:52.180(UTC-07:00),30455,42866,
1684198552199,2023-05-15T17:55:52.199(UTC-07:00),30456,42869,
1684198552218,2023-05-15T17:55:52.218(UTC-07:00),30456,42872,
1684198552237,2023-05-15T17:55:52.237(UTC-07:00),30457,42875,
1684198552255,2023-05-15T17:55:52.255(UTC-07:00),30458,42878,
1684198552274,2023-05-15T17:55:52.274(UTC-07:00),30459,42881,
1684198552293,2023-05-15T17:55:52.293(UTC-07:00),30460,42884,
1684198552312,2023-05-15T17:55:52.312(UTC-07:00),30461,42886,
1684198552330,2023-05-15T17:55:52.330(UTC-07:00),30462,42889,
1684198552349,2023-05-15T17:55:52.349(UTC-07:00),30463,42892,
1684198552368,2023-05-15T17:55:52.368(UTC-07:00),30464,42895,
1684198552387,2023-05-15T17:55:52.387(UTC-07:00),30465,42898,
1684198552406,2023-05-15T17:55:52.406(UTC-07:00),30466,42901,
1684198552424,2023-05-15T17:55:52.424(UTC-07:00),30467,42904,
1684198552443,2023-05-15T17:55:52.443(UTC-07:00),30467,42907,
1684198552462,2023-05-15T17:55:52.462(UTC-07:00),30468,42910,
1684198552481,2023-05-15T17:55:52.481(UTC-07:00),30469,42912,
1684198552500,2023-05-15T17:55:52.500(UTC-07:00),30469,42913,35
1684198552520,2023-05-15T17:55:52.520(UTC-07:00),30469,42913
1684198552540,2023-05-15T17:55:52.540(UTC-07:00),30469,42910,
1684198552560,2023-05-15T17:55:52.560(UTC-07:00),30468,42905,
1684198552580,2023-05-15T17:55:52.580(UTC-07:00),30466,42899,
1684198552600,2023-05-15T17:55:52.600(UTC-07:00),30463,42891,
1684198552621,2023-05-15T17:55:52.621(UTC-07:00),30460,42884,
1684198552641,2023-05-15T17:55:52.641(UTC-07:00),30458,42877,
1684198552661,2023-05-15T17:55:52.661(UTC-07:00),30456,42872,
1684198552681,2023-05-15T17:55:52.681(UTC-07:00),30455,42868,
1684198552701,2023-05-15T17:55:52.701(UTC-07:00),30455,42866,
1684198552722,2023-05-15T17:55:52.722(UTC-07:00),30454,42864,
1684198552742,2023-05-15T17:55:52.742(UTC-07:00),30454,42862,
1684198552762,2023-05-15T17:55:52.762(UTC-07:00),30454,42861,
1684198552782,2023-05-15T17:55:52.782(UTC-07:00),30454,42860,
1684198552802,2023-05-15T17:55:52.802(UTC-07:00),30454,42859,
1684198552823,2023-05-15T17:55:52.823(UTC-07:00),30454,42859,
1684198552843,2023-05-15T17:55:52.843(UTC-07:00),30454,42858,
1684198552863,2023-05-15T17:55:52.863(UTC-07:00),30453,42857,
1684198552883,2023-05-15T17:55:52.883(UTC-07:00),30453,42857,
1684198552903,2023-05-15T17:55:52.903(UTC-07:00),30453,42857,
1684198552923,2023-05-15T17:55:52.923(UTC-07:00),30453,42857,
1684198552944,2023-05-15T17:55:52.944(UTC-07:00),30453,42858,
1684198552964,2023-05-15T17:55:52.964(UTC-07:00),30454,42858,
1684198552984,2023-05-15T17:55:52.984(UTC-07:00),30454,42859,
1684198553004,2023-05-15T17:55:53.004(UTC-07:00),30454,42860,
1684198553024,2023-05-15T17:55:53.024(UTC-07:00),30454,42861,
1684198553045,2023-05-15T17:55:53.045(UTC-07:00),30455,42863,
1684198553065,2023-05-15T17:55:53.065(UTC-07:00),30456,42865,
1684198553085,2023-05-15T17:55:53.085(UTC-07:00),30457,42868,
1684198553105,2023-05-15T17:55:53.105(UTC-07:00),30458,42870,
1684198553125,2023-05-15T17:55:53.125(UTC-07:00),30459,42873,
1684198553146,2023-05-15T17:55:53.146(UTC-07:00),30460,42876,35
1684198553165,2023-05-15T17:55:53.165(UTC-07:00),30462,42880
1684198553184,2023-05-15T17:55:53.184(UTC-07:00),30463,42884,
1684198553203,2023-05-15T17:55:53.203(UTC-07:00),30464,42888,
1684198553222,2023-05-15T17:55:53.222(UTC-07:00),30466,42891,
1684198553241,2023-05-15T17:55:53.241(UTC-07:00),30466,42893,
1684198553260,2023-05-15T17:55:53.260(UTC-07:00),30467,42895,
1684198553280,2023-05-15T17:55:53.280(UTC-07:00),30468,42897,
1684198553299,2023-05-15T17:55:53.299(UTC-07:00),30469,42901,
1684198553318,2023-05-15T17:55:53.318(UTC-07:00),30471,42906,
1684198553337,2023-05-15T17:55:53.337(UTC-07:00),30472,42911,
1684198553356,2023-05-15T17:55:53.356(UTC-07:00),30474,42916,
1684198553375,2023-05-15T17:55:53.375(UTC-07:00),30475,42919,
1684198553395,2023-05-15T17:55:53.395(UTC-07:00),30476,42922,
1684198553414,2023-05-15T17:55:53.414(UTC-07:00),30476,42922,
1684198553433,2023-05-15T17:55:53.433(UTC-07:00),30476,42920,
1684198553452,2023-05-15T17:55:53.452(UTC-07:00),30475,42916,
1684198553471,2023-05-15T17:55:53.471(UTC-07:00),30472,42910,
1684198553490,2023-05-15T17:55:53.490(UTC-07:00),30469,42903,
1684198553509,2023-05-15T17:55:53.509(UTC-07:00),30467,42896,
1684198553529,2023-05-15T17:55:53.529(UTC-07:00),30464,42889,
1684198553548,2023-05-15T17:55:53.548(UTC-07:00),30462,42882,
1684198553567,2023-05-15T17:55:53.567(UTC-07:00),30460,42876,
1684198553586,2023-05-15T17:55:53.586(UTC-07:00),30458,42870,
1684198553605,2023-05-15T17:55:53.605(UTC-07:00),30457,42865,
1684198553624,2023-05-15T17:55:53.624(UTC-07:00),30456,42861,
1684198553644,2023-05-15T17:55:53.644(UTC-07:00),30455,42859,
1684198553663,2023-05-15T17:55:53.663(UTC-07:00),30455,42858,
1684198553682,2023-05-15T17:55:53.682(UTC-07:00),30454,42858,
1684198553701,2023-05-15T17:55:53.701(UTC-07:00),30454,42858,
1684198553720,2023-05-15T17:55:53.720(UTC-07:00),30453,42858,
1684198553739,2023-05-15T17:55:53.739(UTC-07:00),30453,42857,
1684198553759,2023-05-15T17:55:53.759(UTC-07:00),30452,42856,35
1684198553779,2023-05-15T17:55:53.779(UTC-07:00),30452,42855
1684198553799,2023-05-15T17:55:53.799(UTC-07:00),30453,42855,
1684198553819,2023-05-15T17:55:53.819(UTC-07:00),30453,42856,
1684198553839,2023-05-15T17:55:53.839(UTC-07:00),30453,42857,
1684198553859,2023-05-15T17:55:53.859(UTC-07:00),30454,42858,
1684198553879,2023-05-15T17:55:53.879(UTC-07:00),30455,42859,
1684198553900,2023-05-15T17:55:53.900(UTC-07:00),30456,42861,
1684198553920,2023-05-15T17:55:53.920(UTC-07:00),30457,42863,
1684198553940,2023-05-15T17:55:53.940(UTC-07:00),30458,42866,
1684198553960,2023-05-15T17:55:53.960(UTC-07:00),30459,42869,
1684198553980,2023-05-15T17:55:53.980(UTC-07:00),30460,42872,
1684198554000,2023-05-15T17:55:54.000(UTC-07:00),30461,42875,
1684198554021,2023-05-15T17:55:54.021(UTC-07:00),30462,42878,
1684198554041,2023-05-15T17:55:54.041(UTC-07:00),30463,42881,
1684198554061,2023-05-15T17:55:54.061(UTC-07:00),30464,42884,
1684198554081,2023-05-15T17:55:54.081(UTC-07:00),30465,42887,
1684198554101,2023-05-15T17:55:54.101(UTC-07:00),30466,42890,
1684198554121,2023-05-15T17:55:54.121(UTC-07:00),30467,42893,
1684198554141,2023-05-15T17:55:54.141(UTC-07:00),30468,42896,
1684198554162,2023-05-15T17:55:54.162(UTC-07:00),30469,42900,
1684198554182,2023-05-15T17:55:54.182(UTC-07:00),30469,42902,
1684198554202,2023-05-15T17:55:54.202(UTC-07:00),30470,42905,
1684198554222,2023-05-15T17:55:54.222(UTC-07:00),30471,42909,
1684198554242,2023-05-15T17:55:54.242(UTC-07:00),30472,42912,
1684198554262,2023-05-15T17:55:54.262(UTC-07:00),30473,42914,
1684198554283,2023-05-15T17:55:54.283(UTC-07:00),30474,42915,
1684198554303,2023-05-15T17:55:54.303(UTC-07:00),30474,42914,
1684198554323,2023-05-15T17:55:54.323(UTC-07:00),30473,42912,
1684198554343,2023-05-15T17:55:54.343(UTC-07:00),30471,42907,
1684198554363,2023-05-15T17:55:54.363(UTC-07:00),30469,42901,
1684198554383,2023-05-15T17:55:54.383(UTC-07:00),30466,42894,
1684198554404,2023-05-15T17:55:54.404(UTC-07:00),30463,42886,35
1684198554425,2023-05-15T17:55:54.425(UTC-07:00),30460,42878
1684198554447,2023-05-15T17:55:54.447(UTC-07:00),30458,42872,
1684198554468,2023-05-15T17:55:54.468(UTC-07:00),30456,42867,
1684198554490,2023-05-15T17:55:54.490(UTC-07:00),30455,42863,
1684198554511,2023-05-15T17:55:54.511(UTC-07:00),30454,42860,
1684198554533,2023-05-15T17:55:54.533(UTC-07:00),30454,42857,
1684198554555,2023-05-15T17:55:54.555(UTC-07:00),30453,42856,
1684198554576,2023-05-15T17:55:54.576(UTC-07:00),30453,42855,
1684198554598,2023-05-15T17:55:54.598(UTC-07:00),30454,42856,
1684198554619,2023-05-15T17:55:54.619(UTC-07:00),30454,42857,
1684198554641,2023-05-15T17:55:54.641(UTC-07:00),30454,42858,
1684198554663,2023-05-15T17:55:54.663(UTC-07:00),30454,42858,
1684198554684,2023-05-15T17:55:54.684(UTC-07:00),30454,42858,
1684198554706,2023-05-15T17:55:54.706(UTC-07:00),30455,42857,
1684198554727,2023-05-15T17:55:54.727(UTC-07:00),30455,42857,
1684198554749,2023-05-15T17:55:54.749(UTC-07:00),30455,42857,
1684198554771,2023-05-15T17:55:54.771(UTC-07:00),30456,42857,
1684198554792,2023-05-15T17:55:54.792(UTC-07:00),30456,42859,
1684198554814,2023-05-15T17:55:54.814(UTC-07:00),30456,42860,
1684198554835,2023-05-15T17:55:54.835(UTC-07:00),30457,42862,
1684198554857,2023-05-15T17:55:54.857(UTC-07:00),30458,42864,
1684198554879,2023-05-15T17:55:54.879(UTC-07:00),30459,42867,
1684198554900,2023-05-15T17:55:54.900(UTC-07:00),30461,42870,
1684198554922,2023-05-15T17:55:54.922(UTC-07:00),30462,42873,
1684198554943,2023-05-15T17:55:54.943(UTC-07:00),30464,42876,
1684198554965,2023-05-15T17:55:54.965(UTC-07:00),30465,42878,
1684198554987,2023-05-15T17:55:54.987(UTC-07:00),30465,42881,
1684198555008,2023-05-15T17:55:55.008(UTC-07:00),30466,42883,
1684198555030,2023-05-15T17:55:55.030(UTC-07:00),30466,42885,
1684198555051,2023-05-15T17:55:55.051(UTC-07:00),30467,42887,
1684198555073,2023-05-15T17:55:55.073(UTC-07:00),30468,42890,
1684198555095,2023-05-15T17:55:55.095(UTC-07:00),30469,42893,35
1684198555114,2023-05-15T17:55:55.114(UTC-07:00),30470,42896
1684198555133,2023-05-15T17:55:55.133(UTC-07:00),30471,42899,
1684198555152,2023-05-15T17:55:55.152(UTC-07:00),30472,42902,
1684198555171,2023-05-15T17:55:55.171(UTC-07:00),30473,42904,
1684198555190,2023-05-15T17:55:55.190(UTC-07:00),30474,42903,
1684198555210,2023-05-15T17:55:55.210(UTC-07:00),30473,42901,
1684198555229,2023-05-15T17:55:55.229(UTC-07:00),30472,42896,
1684198555248,2023-05-15T17:55:55.248(UTC-07:00),30470,42890,
1684198555267,2023-05-15T17:55:55.267(UTC-07:00),30467,42884,
1684198555286,2023-05-15T17:55:55.286(UTC-07:00),30464,42877,
1684198555306,2023-05-15T17:55:55.306(UTC-07:00),30461,42871,
1684198555325,2023-05-15T17:55:55.325(UTC-07:00),30459,42865,
1684198555344,2023-05-15T17:55:55.344(UTC-07:00),30458,42861,
1684198555363,2023-05-15T17:55:55.363(UTC-07:00),30457,42859,
1684198555382,2023-05-15T17:55:55.382(UTC-07:00),30458,42857,
1684198555402,2023-05-15T17:55:55.402(UTC-07:00),30458,42856,
1684198555421,2023-05-15T17:55:55.421(UTC-07:00),30459,42856,
1684198555440,2023-05-15T17:55:55.440(UTC-07:00),30459,42856,
1684198555459,2023-05-15T17:55:55.459(UTC-07:00),30459,42857,
1684198555478,2023-05-15T17:55:55.478(UTC-07:00),30460,42858,
1684198555497,2023-05-15T17:55:55.497(UTC-07:00),30460,42858,
1684198555517,2023-05-15T17:55:55.517(UTC-07:00),30461,42859,
1684198555536,2023-05-15T17:55:55.536(UTC-07:00),30461,42860,
1684198555555,2023-05-15T17:55:55.555(UTC-07:00),30461,42861,
1684198555574,2023-05-15T17:55:55.574(UTC-07:00),30461,42862,
1684198555593,2023-05-15T17:55:55.593(UTC-07:00),30462,42864,
1684198555613,2023-05-15T17:55:55.613(UTC-07:00),30462,42866,
1684198555632,2023-05-15T17:55:55.632(UTC-07:00),30463,42868,
1684198555651,2023-05-15T17:55:55.651(UTC-07:00),30464,42870,
1684198555670,2023-05-15T17:55:55.670(UTC-07:00),30465,42872,
1684198555689,2023-05-15T17:55:55.689(UTC-07:00),30466,42875,
1684198555709,2023-05-15T17:55:55.709(UTC-07:00),30468,42877,35
1684198555728,2023-05-15T17:55:55.728(UTC-07:00),30470,42881
1684198555747,2023-05-15T17:55:55.747(UTC-07:00),30472,42884,
1684198555766,2023-05-15T17:55:55.766(UTC-07:00),30473,42888,
1684198555786,2023-05-15T17:55:55.786(UTC-07:00),30474,42892,
1684198555805,2023-05-15T17:55:55.805(UTC-07:00),30475,42896,
1684198555824,2023-05-15T17:55:55.824(UTC-07:00),30476,42899,
1684198555843,2023-05-15T17:55:55.843(UTC-07:00),30477,42903,
1684198555863,2023-05-15T17:55:55.863(UTC-07:00),30478,42906,
1684198555882,2023-05-15T17:55:55.882(UTC-07:00),30480,42910,
1684198555901,2023-05-15T17:55:55.901(UTC-07:00),30481,42915,
1684198555920,2023-05-15T17:55:55.920(UTC-07:00),30482,42918,
1684198555940,2023-05-15T17:55:55.940(UTC-07:00),30483,42922,
1684198555959,2023-05-15T17:55:55.959(UTC-07:00),30484,42925,
1684198555978,2023-05-15T17:55:55.978(UTC-07:00),30485,42927,
1684198555997,2023-05-15T17:55:55.997(UTC-07:00),30485,42928,
1684198556017,2023-05-15T17:55:56.017(UTC-07:00),30485,42927,
1684198556036,2023-05-15T17:55:56.036(UTC-07:00),30483,42923,
1684198556055,2023-05-15T17:55:56.055(UTC-07:00),30481,42917,
1684198556074,2023-05-15T17:55:56.074(UTC-07:00),30478,42909,
1684198556094,2023-05-15T17:55:56.094(UTC-07:00),30475,42901,
1684198556113,2023-05-15T17:55:56.113(UTC-07:00),30472,42893,
1684198556132,2023-05-15T17:55:56.132(UTC-07:00),30470,42886,
1684198556151,2023-05-15T17:55:56.151(UTC-07:00),30467,42879,
1684198556171,2023-05-15T17:55:56.171(UTC-07:00),30466,42874,
1684198556190,2023-05-15T17:55:56.190(UTC-07:00),30464,42869,
1684198556209,2023-05-15T17:55:56.209(UTC-07:00),30464,42866,
1684198556228,2023-05-15T17:55:56.228(UTC-07:00),30464,42864,
1684198556248,2023-05-15T17:55:56.248(UTC-07:00),30463,42864,
1684198556267,2023-05-15T17:55:56.267(UTC-07:00),30463,42864,
1684198556286,2023-05-15T17:55:56.286(UTC-07:00),30463,42865,
1684198556305,2023-05-15T17:55:56.305(UTC-07:00),30463,42865,
1684198556325,2023-05-15T17:55:56.325(UTC-07:00),30464,42866,35
1684198556345,2023-05-15T17:55:56.345(UTC-07:00),30465,42866
1684198556365,2023-05-15T17:55:56.365(UTC-07:00),30465,42867,
1684198556385,2023-05-15T17:55:56.385(UTC-07:00),30466,42867,
1684198556405,2023-05-15T17:55:56.405(UTC-07:00),30466,42866,
1684198556425,2023-05-15T17:55:56.425(UTC-07:00),30465,42865,
1684198556445,2023-05-15T17:55:56.445(UTC-07:00),30466,42865,
1684198556465,2023-05-15T17:55:56.465(UTC-07:00),30467,42865,
1684198556486,2023-05-15T17:55:56.486(UTC-07:00),30468,42867,
1684198556506,2023-05-15T17:55:56.506(UTC-07:00),30469,42871,
1684198556526,2023-05-15T17:55:56.526(UTC-07:00),30471,42876,
1684198556546,2023-05-15T17:55:56.546(UTC-07:00),30472,42880,
1684198556566,2023-05-15T17:55:56.566(UTC-07:00),30473,42884,
1684198556586,2023-05-15T17:55:56.586(UTC-07:00),30475,42887,
1684198556606,2023-05-15T17:55:56.606(UTC-07:00),30476,42890,
1684198556626,2023-05-15T17:55:56.626(UTC-07:00),30477,42892,
1684198556647,2023-05-15T17:55:56.647(UTC-07:00),30478,42894,
1684198556667,2023-05-15T17:55:56.667(UTC-07:00),30478,42898,
1684198556687,2023-05-15T17:55:56.687(UTC-07:00),30479,42901,
1684198556707,2023-05-15T17:55:56.707(UTC-07:00),30481,42905,
1684198556727,2023-05-15T17:55:56.727(UTC-07:00),30482,42909,
1684198556747,2023-05-15T17:55:56.747(UTC-07:00),30484,42912,
1684198556767,2023-05-15T17:55:56.767(UTC-07:00),30485,42916,
1684198556787,2023-05-15T17:55:56.787(UTC-07:00),30486,42919,
1684198556808,2023-05-15T17:55:56.808(UTC-07:00),30487,42922,
1684198556828,2023-05-15T17:55:56.828(UTC-07:00),30488,42924,
1684198556848,2023-05-15T17:55:56.848(UTC-07:00),30488,42926,
1684198556868,2023-05-15T17:55:56.868(UTC-07:00),30488,42927,
1684198556888,2023-05-15T17:55:56.888(UTC-07:00),30487,42927,
1684198556908,2023-05-15T17:55:56.908(UTC-07:00),30486,42925,
1684198556928,2023-05-15T17:55:56.928(UTC-07:00),30485,42920,
1684198556948,2023-05-15T17:55:56.948(UTC-07:00),30482,42913,
1684198556969,2023-05-15T17:55:56.969(UTC-07:00),30480,42905,35
1684198556989,2023-05-15T17:55:56.989(UTC-07:00),30477,42897
1684198557009,2023-05-15T17:55:57.009(UTC-07:00),30474,42889,
1684198557029,2023-05-15T17:55:57.029(UTC-07:00),30472,42883,
1684198557049,2023-05-15T17:55:57.049(UTC-07:00),30470,42876,
1684198557069,2023-05-15T17:55:57.069(UTC-07:00),30467,42871,
1684198557090,2023-05-15T17:55:57.090(UTC-07:00),30466,42866,
1684198557110,2023-05-15T17:55:57.110(UTC-07:00),30465,42863,
1684198557130,2023-05-15T17:55:57.130(UTC-07:00),30464,42862,
1684198557150,2023-05-15T17:55:57.150(UTC-07:00),30465,42863,
1684198557170,2023-05-15T17:55:57.170(UTC-07:00),30466,42865,
1684198557191,2023-05-15T17:55:57.191(UTC-07:00),30467,42866,
1684198557211,2023-05-15T17:55:57.211(UTC-07:00),30468,42867,
1684198557231,2023-05-15T17:55:57.231(UTC-07:00),30469,42867,
1684198557251,2023-05-15T17:55:57.251(UTC-07:00),30469,42866,
1684198557271,2023-05-15T17:55:57.271(UTC-07:00),30469,42866,
1684198557292,2023-05-15T17:55:57.292(UTC-07:00),30469,42866,
1684198557312,2023-05-15T17:55:57.312(UTC-07:00),30469,42866,
1684198557332,2023-05-15T17:55:57.332(UTC-07:00),30469,42868,
1684198557352,2023-05-15T17:55:57.352(UTC-07:00),30470,42870,
1684198557372,2023-05-15T17:55:57.372(UTC-07:00),30471,42872,
1684198557392,2023-05-15T17:55:57.392(UTC-07:00),30472,42876,
1684198557413,2023-05-15T17:55:57.413(UTC-07:00),30474,42879,
1684198557433,2023-05-15T17:55:57.433(UTC-07:00),30475,42882,
1684198557453,2023-05-15T17:55:57.453(UTC-07:00),30476,42885,
1684198557473,2023-05-15T17:55:57.473(UTC-07:00),30477,42888,
1684198557493,2023-05-15T17:55:57.493(UTC-07:00),30478,42891,
1684198557514,2023-05-15T17:55:57.514(UTC-07:00),30479,42893,
1684198557534,2023-05-15T17:55:57.534(UTC-07:00),30480,42896,
1684198557554,2023-05-15T17:55:57.554(UTC-07:00),30481,42899,
1684198557574,2023-05-15T17:55:57.574(UTC-07:00),30482,42902,
1684198557594,2023-05-15T17:55:57.594(UTC-07:00),30484,42905,
1684198557615,2023-05-15T17:55:57.615(UTC-07:00),30486,42909,35
1684198557636,2023-05-15T17:55:57.636(UTC-07:00),30487,42912
1684198557658,2023-05-15T17:55:57.658(UTC-07:00),30488,42914,
1684198557679,2023-05-15T17:55:57.679(UTC-07:00),30489,42917,
1684198557701,2023-05-15T17:55:57.701(UTC-07:00),30490,42919,
1684198557722,2023-05-15T17:55:57.722(UTC-07:00),30491,42921,
1684198557744,2023-05-15T17:55:57.744(UTC-07:00),30491,42923,
1684198557765,2023-05-15T17:55:57.765(UTC-07:00),30492,42924,
1684198557787,2023-05-15T17:55:57.787(UTC-07:00),30492,42925,
1684198557809,2023-05-15T17:55:57.809(UTC-07:00),30492,42925,
1684198557830,2023-05-15T17:55:57.830(UTC-07:00),30492,42924,
1684198557852,2023-05-15T17:55:57.852(UTC-07:00),30490,42920,
1684198557873,2023-05-15T17:55:57.873(UTC-07:00),30488,42914,
1684198557895,2023-05-15T17:55:57.895(UTC-07:00),30485,42907,
1684198557916,2023-05-15T17:55:57.916(UTC-07:00),30482,42901,
1684198557938,2023-05-15T17:55:57.938(UTC-07:00),30480,42895,
1684198557960,2023-05-15T17:55:57.960(UTC-07:00),30478,42890,
1684198557981,2023-05-15T17:55:57.981(UTC-07:00),30477,42888,
1684198558003,2023-05-15T17:55:58.003(UTC-07:00),30477,42887,
1684198558024,2023-05-15T17:55:58.024(UTC-07:00),30477,42886,
1684198558046,2023-05-15T17:55:58.046(UTC-07:00),30478,42886,
1684198558067,2023-05-15T17:55:58.067(UTC-07:00),30479,42887,
1684198558089,2023-05-15T17:55:58.089(UTC-07:00),30479,42888,
1684198558110,2023-05-15T17:55:58.110(UTC-07:00),30479,42888,
1684198558132,2023-05-15T17:55:58.132(UTC-07:00),30479,42889,
1684198558154,2023-05-15T17:55:58.154(UTC-07:00),30479,42889,
1684198558175,2023-05-15T17:55:58.175(UTC-07:00),30479,42888,
1684198558197,2023-05-15T17:55:58.197(UTC-07:00),30479,42888,
1684198558218,2023-05-15T17:55:58.218(UTC-07:00),30479,42888,
1684198558240,2023-05-15T17:55:58.240(UTC-07:00),30479,42887,
1684198558261,2023-05-15T17:55:58.261(UTC-07:00),30479,42888,
1684198558283,2023-05-15T17:55:58.283(UTC-07:00),30479,42889,
1684198558305,2023-05-15T17:55:58.305(UTC-07:00),30479,42890,35
1684198558323,2023-05-15T17:55:58.323(UTC-07:00),30480,42893
1684198558342,2023-05-15T17:55:58.342(UTC-07:00),30481,42896,
1684198558361,2023-05-15T17:55:58.361(UTC-07:00),30483,42899,
1684198558379,2023-05-15T17:55:58.379(UTC-07:00),30484,42901,
1684198558398,2023-05-15T17:55:58.398(UTC-07:00),30485,42904,
1684198558417,2023-05-15T17:55:58.417(UTC-07:00),30486,42906,
1684198558436,2023-05-15T17:55:58.436(UTC-07:00),30487,42908,
1684198558454,2023-05-15T17:55:58.454(UTC-07:00),30488,42911,
1684198558473,2023-05-15T17:55:58.473(UTC-07:00),30489,42914,
1684198558492,2023-05-15T17:55:58.492(UTC-07:00),30489,42918,
1684198558510,2023-05-15T17:55:58.510(UTC-07:00),30490,42922,
1684198558529,2023-05-15T17:55:58.529(UTC-07:00),30491,42925,
1684198558548,2023-05-15T17:55:58.548(UTC-07:00),30492,42927,
1684198558567,2023-05-15T17:55:58.567(UTC-07:00),30493,42930,
1684198558585,2023-05-15T17:55:58.585(UTC-07:00),30493,42933,
1684198558604,2023-05-15T17:55:58.604(UTC-07:00),30494,42935,
1684198558623,2023-05-15T17:55:58.623(UTC-07:00),30495,42936,
1684198558641,2023-05-15T17:55:58.641(UTC-07:00),30494,42936,
1684198558660,2023-05-15T17:55:58.660(UTC-07:00),30493,42933,
1684198558679,2023-05-15T17:55:58.679(UTC-07:00),30491,42928,
1684198558698,2023-05-15T17:55:58.698(UTC-07:00),30488,42921,
1684198558716,2023-05-15T17:55:58.716(UTC-07:00),30485,42913,
1684198558735,2023-05-15T17:55:58.735(UTC-07:00),30483,42904,
1684198558754,2023-05-15T17:55:58.754(UTC-07:00),30480,42897,
1684198558772,2023-05-15T17:55:58.772(UTC-07:00),30477,42891,
1684198558791,2023-05-15T17:55:58.791(UTC-07:00),30475,42886,
1684198558810,2023-05-15T17:55:58.810(UTC-07:00),30474,42882,
1684198558829,2023-05-15T17:55:58.829(UTC-07:00),30472,42879,
1684198558847,2023-05-15T17:55:58.847(UTC-07:00),30472,42877,
1684198558866,2023-05-15T17:55:58.866(UTC-07:00),30472,42876,
1684198558885,2023-05-15T17:55:58.885(UTC-07:00),30472,42876,
1684198558904,2023-05-15T17:55:58.904(UTC-07:00),30472,42875,35
1684198558923,2023-05-15T17:55:58.923(UTC-07:00),30472,42875
1684198558943,2023-05-15T17:55:58.943(UTC-07:00),30473,42875,
1684198558963,2023-05-15T17:55:58.963(UTC-07:00),30473,42875,
1684198558982,2023-05-15T17:55:58.982(UTC-07:00),30474,42875,
1684198559002,2023-05-15T17:55:59.002(UTC-07:00),30474,42876,
1684198559022,2023-05-15T17:55:59.022(UTC-07:00),30475,42876,
1684198559041,2023-05-15T17:55:59.041(UTC-07:00),30475,42876,
1684198559061,2023-05-15T17:55:59.061(UTC-07:00),30476,42877,
1684198559081,2023-05-15T17:55:59.081(UTC-07:00),30476,42879,
1684198559100,2023-05-15T17:55:59.100(UTC-07:00),30477,42882,
1684198559120,2023-05-15T17:55:59.120(UTC-07:00),30479,42885,
1684198559140,2023-05-15T17:55:59.140(UTC-07:00),30480,42887,
1684198559159,2023-05-15T17:55:59.159(UTC-07:00),30481,42890,
1684198559179,2023-05-15T17:55:59.179(UTC-07:00),30483,42893,
1684198559199,2023-05-15T17:55:59.199(UTC-07:00),30484,42896,
1684198559219,2023-05-15T17:55:59.219(UTC-07:00),30485,42899,
1684198559238,2023-05-15T17:55:59.238(UTC-07:00),30486,42902,
1684198559258,2023-05-15T17:55:59.258(UTC-07:00),30487,42905,
1684198559278,2023-05-15T17:55:59.278(UTC-07:00),30488,42908,
1684198559297,2023-05-15T17:55:59.297(UTC-07:00),30488,42912,
1684198559317,2023-05-15T17:55:59.317(UTC-07:00),30489,42915,
1684198559337,2023-05-15T17:55:59.337(UTC-07:00),30490,42918,
1684198559356,2023-05-15T17:55:59.356(UTC-07:00),30492,42921,
1684198559376,2023-05-15T17:55:59.376(UTC-07:00),30493,42924,
1684198559396,2023-05-15T17:55:59.396(UTC-07:00),30495,42927,
1684198559415,2023-05-15T17:55:59.415(UTC-07:00),30496,42929,
1684198559435,2023-05-15T17:55:59.435(UTC-07:00),30496,42932,
1684198559455,2023-05-15T17:55:59.455(UTC-07:00),30497,42934,
1684198559474,2023-05-15T17:55:59.474(UTC-07:00),30497,42935,
1684198559494,2023-05-15T17:55:59.494(UTC-07:00),30496,42934,
1684198559514,2023-05-15T17:55:59.514(UTC-07:00),30495,42930,
1684198559534,2023-05-15T17:55:59.534(UTC-07:00),30493,42925,35
1684198559554,2023-05-15T17:55:59.554(UTC-07:00),30490,42917
1684198559574,2023-05-15T17:55:59.574(UTC-07:00),30487,42908,
1684198559594,2023-05-15T17:55:59.594(UTC-07:00),30484,42900,
1684198559614,2023-05-15T17:55:59.614(UTC-07:00),30481,42892,
1684198559634,2023-05-15T17:55:59.634(UTC-07:00),30478,42884,
1684198559655,2023-05-15T17:55:59.655(UTC-07:00),30475,42878,
1684198559675,2023-05-15T17:55:59.675(UTC-07:00),30473,42873,
1684198559695,2023-05-15T17:55:59.695(UTC-07:00),30472,42870,
1684198559715,2023-05-15T17:55:59.715(UTC-07:00),30471,42868,
1684198559735,2023-05-15T17:55:59.735(UTC-07:00),30471,42867,
1684198559756,2023-05-15T17:55:59.756(UTC-07:00),30471,42867,
1684198559776,2023-05-15T17:55:59.776(UTC-07:00),30471,42868,
1684198559796,2023-05-15T17:55:59.796(UTC-07:00),30472,42868,
1684198559816,2023-05-15T17:55:59.816(UTC-07:00),30472,42868,
1684198559836,2023-05-15T17:55:59.836(UTC-07:00),30471,42868,
1684198559857,2023-05-15T17:55:59.857(UTC-07:00),30471,42869,
1684198559877,2023-05-15T17:55:59.877(UTC-07:00),30471,42870,
1684198559897,2023-05-15T17:55:59.897(UTC-07:00),30472,42871,
1684198559917,2023-05-15T17:55:59.917(UTC-07:00),30472,42873,
1684198559937,2023-05-15T17:55:59.937(UTC-07:00),30473,42875,
1684198559957,2023-05-15T17:55:59.957(UTC-07:00),30475,42878,
1684198559978,2023-05-15T17:55:59.978(UTC-07:00),30477,42882,
1684198559998,2023-05-15T17:55:59.998(UTC-07:00),30478,42885,
1684198560018,2023-05-15T17:56:00.018(UTC-07:00),30480,42888,
1684198560038,2023-05-15T17:56:00.038(UTC-07:00),30480,42891,
1684198560058,2023-05-15T17:56:00.058(UTC-07:00),30480,42892,
1684198560079,2023-05-15T17:56:00.079(UTC-07:00),30480,42894,
1684198560099,2023-05-15T17:56:00.099(UTC-07:00),30480,42895,
1684198560119,2023-05-15T17:56:00.119(UTC-07:00),30481,42896,
1684198560139,2023-05-15T17:56:00.139(UTC-07:00),30482,42898,
1684198560159,2023-05-15T17:56:00.159(UTC-07:00),30483,42900,
1684198560180,2023-05-15T17:56:00.180(UTC-07:00),30484,42902,35
1684198560200,2023-05-15T17:56:00.200(UTC-07:00),30485,42905
1684198560220,2023-05-15T17:56:00.220(UTC-07:00),30486,42908,
1684198560240,2023-05-15T17:56:00.240(UTC-07:00),30486,42911,
1684198560260,2023-05-15T17:56:00.260(UTC-07:00),30487,42914,
1684198560280,2023-05-15T17:56:00.280(UTC-07:00),30487,42917,
1684198560300,2023-05-15T17:56:00.300(UTC-07:00),30489,42919,
1684198560321,2023-05-15T17:56:00.321(UTC-07:00),30490,42921,
1684198560341,2023-05-15T17:56:00.341(UTC-07:00),30491,42924,
1684198560361,2023-05-15T17:56:00.361(UTC-07:00),30492,42926,
1684198560381,2023-05-15T17:56:00.381(UTC-07:00),30491,42926,
1684198560401,2023-05-15T17:56:00.401(UTC-07:00),30490,42924,
1684198560421,2023-05-15T17:56:00.421(UTC-07:00),30488,42919,
1684198560442,2023-05-15T17:56:00.442(UTC-07:00),30486,42912,
1684198560462,2023-05-15T17:56:00.462(UTC-07:00),30483,42904,
1684198560482,2023-05-15T17:56:00.482(UTC-07:00),30480,42896,
1684198560502,2023-05-15T17:56:00.502(UTC-07:00),30477,42890,
1684198560522,2023-05-15T17:56:00.522(UTC-07:00),30475,42884,
1684198560542,2023-05-15T17:56:00.542(UTC-07:00),30474,42880,
1684198560562,2023-05-15T17:56:00.562(UTC-07:00),30473,42876,
1684198560583,2023-05-15T17:56:00.583(UTC-07:00),30473,42875,
1684198560603,2023-05-15T17:56:00.603(UTC-07:00),30472,42874,
1684198560623,2023-05-15T17:56:00.623(UTC-07:00),30472,42875,
1684198560643,2023-05-15T17:56:00.643(UTC-07:00),30472,42875,
1684198560663,2023-05-15T17:56:00.663(UTC-07:00),30472,42876,
1684198560683,2023-05-15T17:56:00.683(UTC-07:00),30471,42876,
1684198560704,2023-05-15T17:56:00.704(UTC-07:00),30471,42875,
1684198560724,2023-05-15T17:56:00.724(UTC-07:00),30470,42875,
1684198560744,2023-05-15T17:56:00.744(UTC-07:00),30470,42874,
1684198560764,2023-05-15T17:56:00.764(UTC-07:00),30470,42873,
1684198560784,2023-05-15T17:56:00.784(UTC-07:00),30469,42873,
1684198560804,2023-05-15T17:56:00.804(UTC-07:00),30469,42872,
1684198560825,2023-05-15T17:56:00.825(UTC-07:00),30469,42872,35
1684198560846,2023-05-15T17:56:00.846(UTC-07:00),30469,42872
1684198560867,2023-05-15T17:56:00.867(UTC-07:00),30469,42871,
1684198560888,2023-05-15T17:56:00.888(UTC-07:00),30469,42871,
1684198560909,2023-05-15T17:56:00.909(UTC-07:00),30469,42871,
1684198560930,2023-05-15T17:56:00.930(UTC-07:00),30469,42872,
1684198560951,2023-05-15T17:56:00.951(UTC-07:00),30470,42873,
1684198560972,2023-05-15T17:56:00.972(UTC-07:00),30472,42876,
1684198560993,2023-05-15T17:56:00.993(UTC-07:00),30473,42880,
1684198561014,2023-05-15T17:56:01.014(UTC-07:00),30475,42885,
1684198561035,2023-05-15T17:56:01.035(UTC-07:00),30476,42890,
1684198561057,2023-05-15T17:56:01.057(UTC-07:00),30477,42894,
1684198561078,2023-05-15T17:56:01.078(UTC-07:00),30478,42897,
1684198561099,2023-05-15T17:56:01.099(UTC-07:00),30478,42899,
1684198561120,2023-05-15T17:56:01.120(UTC-07:00),30479,42900,
1684198561141,2023-05-15T17:56:01.141(UTC-07:00),30479,42901,
1684198561162,2023-05-15T17:56:01.162(UTC-07:00),30480,42903,
1684198561183,2023-05-15T17:56:01.183(UTC-07:00),30480,42904,
1684198561204,2023-05-15T17:56:01.204(UTC-07:00),30480,42904,
1684198561225,2023-05-15T17:56:01.225(UTC-07:00),30479,42902,
1684198561246,2023-05-15T17:56:01.246(UTC-07:00),30478,42898,
1684198561267,2023-05-15T17:56:01.267(UTC-07:00),30475,42893,
1684198561289,2023-05-15T17:56:01.289(UTC-07:00),30473,42886,
1684198561310,2023-05-15T17:56:01.310(UTC-07:00),30470,42879,
1684198561331,2023-05-15T17:56:01.331(UTC-07:00),30467,42872,
1684198561352,2023-05-15T17:56:01.352(UTC-07:00),30465,42866,
1684198561373,2023-05-15T17:56:01.373(UTC-07:00),30463,42861,
1684198561394,2023-05-15T17:56:01.394(UTC-07:00),30461,42857,
1684198561415,2023-05-15T17:56:01.415(UTC-07:00),30460,42855,
1684198561436,2023-05-15T17:56:01.436(UTC-07:00),30460,42855,
1684198561457,2023-05-15T17:56:01.457(UTC-07:00),30460,42854,
1684198561478,2023-05-15T17:56:01.478(UTC-07:00),30461,42855,
1684198561500,2023-05-15T17:56:01.500(UTC-07:00),30461,42856,35
1684198561518,2023-05-15T17:56:01.518(UTC-07:00),30462,42857
1684198561537,2023-05-15T17:56:01.537(UTC-07:00),30462,42859,
1684198561556,2023-05-15T17:56:01.556(UTC-07:00),30463,42860,
1684198561575,2023-05-15T17:56:01.575(UTC-07:00),30463,42862,
1684198561593,2023-05-15T17:56:01.593(UTC-07:00),30463,42862,
1684198561612,2023-05-15T17:56:01.612(UTC-07:00),30464,42863,
1684198561631,2023-05-15T17:56:01.631(UTC-07:00),30464,42863,
1684198561650,2023-05-15T17:56:01.650(UTC-07:00),30465,42864,
1684198561668,2023-05-15T17:56:01.668(UTC-07:00),30465,42865,
1684198561687,2023-05-15T17:56:01.687(UTC-07:00),30465,42867,
1684198561706,2023-05-15T17:56:01.706(UTC-07:00),30466,42870,
1684198561725,2023-05-15T17:56:01.725(UTC-07:00),30467,42872,
1684198561743,2023-05-15T17:56:01.743(UTC-07:00),30467,42875,
1684198561762,2023-05-15T17:56:01.762(UTC-07:00),30469,42878,
1684198561781,2023-05-15T17:56:01.781(UTC-07:00),30470,42882,
1684198561800,2023-05-15T17:56:01.800(UTC-07:00),30471,42885,
1684198561818,2023-05-15T17:56:01.818(UTC-07:00),30473,42889,
1684198561837,2023-05-15T17:56:01.837(UTC-07:00),30474,42892,
1684198561856,2023-05-15T17:56:01.856(UTC-07:00),30475,42896,
1684198561875,2023-05-15T17:56:01.875(UTC-07:00),30476,42899,
1684198561893,2023-05-15T17:56:01.893(UTC-07:00),30477,42903,
1684198561912,2023-05-15T17:56:01.912(UTC-07:00),30478,42906,
1684198561931,2023-05-15T17:56:01.931(UTC-07:00),30480,42909,
1684198561950,2023-05-15T17:56:01.950(UTC-07:00),30481,42912,
1684198561968,2023-05-15T17:56:01.968(UTC-07:00),30482,42914,
1684198561987,2023-05-15T17:56:01.987(UTC-07:00),30482,42915,
1684198562006,2023-05-15T17:56:02.006(UTC-07:00),30481,42914,
1684198562025,2023-05-15T17:56:02.025(UTC-07:00),30480,42911,
1684198562043,2023-05-15T17:56:02.043(UTC-07:00),30478,42906,
1684198562062,2023-05-15T17:56:02.062(UTC-07:00),30475,42899,
1684198562081,2023-05-15T17:56:02.081(UTC-07:00),30471,42891,
1684198562100,2023-05-15T17:56:02.100(UTC-07:00),30468,42883,35
1684198562120,2023-05-15T17:56:02.120(UTC-07:00),30465,42876
1684198562140,2023-05-15T17:56:02.140(UTC-07:00),30462,42869,
1684198562160,2023-05-15T17:56:02.160(UTC-07:00),30459,42863,
1684198562180,2023-05-15T17:56:02.180(UTC-07:00),30458,42858,
1684198562200,2023-05-15T17:56:02.200(UTC-07:00),30457,42855,
1684198562220,2023-05-15T17:56:02.220(UTC-07:00),30456,42853,
1684198562241,2023-05-15T17:56:02.241(UTC-07:00),30455,42852,
1684198562261,2023-05-15T17:56:02.261(UTC-07:00),30455,42852,
1684198562281,2023-05-15T17:56:02.281(UTC-07:00),30455,42853,
1684198562301,2023-05-15T17:56:02.301(UTC-07:00),30455,42854,
1684198562321,2023-05-15T17:56:02.321(UTC-07:00),30455,42855,
1684198562341,2023-05-15T17:56:02.341(UTC-07:00),30456,42857,
1684198562362,2023-05-15T17:56:02.362(UTC-07:00),30456,42857,
1684198562382,2023-05-15T17:56:02.382(UTC-07:00),30456,42858,
1684198562402,2023-05-15T17:56:02.402(UTC-07:00),30456,42858,
1684198562422,2023-05-15T17:56:02.422(UTC-07:00),30457,42858,
1684198562442,2023-05-15T17:56:02.442(UTC-07:00),30457,42859,
1684198562462,2023-05-15T17:56:02.462(UTC-07:00),30457,42861,
1684198562482,2023-05-15T17:56:02.482(UTC-07:00),30457,42863,
1684198562503,2023-05-15T17:56:02.503(UTC-07:00),30458,42865,
1684198562523,2023-05-15T17:56:02.523(UTC-07:00),30459,42868,
1684198562543,2023-05-15T17:56:02.543(UTC-07:00),30460,42871,
1684198562563,2023-05-15T17:56:02.563(UTC-07:00),30462,42874,
1684198562583,2023-05-15T17:56:02.583(UTC-07:00),30463,42878,
1684198562603,2023-05-15T17:56:02.603(UTC-07:00),30465,42881,
1684198562624,2023-05-15T17:56:02.624(UTC-07:00),30467,42884,
1684198562644,2023-05-15T17:56:02.644(UTC-07:00),30468,42887,
1684198562664,2023-05-15T17:56:02.664(UTC-07:00),30469,42891,
1684198562684,2023-05-15T17:56:02.684(UTC-07:00),30470,42894,
1684198562704,2023-05-15T17:56:02.704(UTC-07:00),30471,42897,
1684198562724,2023-05-15T17:56:02.724(UTC-07:00),30473,42900,
1684198562745,2023-05-15T17:56:02.745(UTC-07:00),30474,42904,35
1684198562765,2023-05-15T17:56:02.765(UTC-07:00),30476,42907
1684198562785,2023-05-15T17:56:02.785(UTC-07:00),30477,42910,
1684198562805,2023-05-15T17:56:02.805(UTC-07:00),30477,42912,
1684198562825,2023-05-15T17:56:02.825(UTC-07:00),30477,42913,
1684198562845,2023-05-15T17:56:02.845(UTC-07:00),30476,42911,
1684198562865,2023-05-15T17:56:02.865(UTC-07:00),30474,42907,
1684198562885,2023-05-15T17:56:02.885(UTC-07:00),30472,42901,
1684198562906,2023-05-15T17:56:02.906(UTC-07:00),30469,42894,
1684198562926,2023-05-15T17:56:02.926(UTC-07:00),30466,42888,
1684198562946,2023-05-15T17:56:02.946(UTC-07:00),30464,42882,
1684198562966,2023-05-15T17:56:02.966(UTC-07:00),30461,42877,
1684198562986,2023-05-15T17:56:02.986(UTC-07:00),30458,42872,
1684198563006,2023-05-15T17:56:03.006(UTC-07:00),30456,42867,
1684198563026,2023-05-15T17:56:03.026(UTC-07:00),30454,42863,
1684198563046,2023-05-15T17:56:03.046(UTC-07:00),30453,42859,
1684198563067,2023-05-15T17:56:03.067(UTC-07:00),30452,42857,
1684198563087,2023-05-15T17:56:03.087(UTC-07:00),30451,42855,
1684198563107,2023-05-15T17:56:03.107(UTC-07:00),30450,42853,
1684198563127,2023-05-15T17:56:03.127(UTC-07:00),30449,42852,
1684198563147,2023-05-15T17:56:03.147(UTC-07:00),30449,42851,
1684198563167,2023-05-15T17:56:03.167(UTC-07:00),30449,42851,
1684198563187,2023-05-15T17:56:03.187(UTC-07:00),30449,42851,
1684198563207,2023-05-15T17:56:03.207(UTC-07:00),30449,42851,
1684198563228,2023-05-15T17:56:03.228(UTC-07:00),30449,42851,
1684198563248,2023-05-15T17:56:03.248(UTC-07:00),30449,42851,
1684198563268,2023-05-15T17:56:03.268(UTC-07:00),30449,42851,
1684198563288,2023-05-15T17:56:03.288(UTC-07:00),30449,42853,
1684198563308,2023-05-15T17:56:03.308(UTC-07:00),30450,42855,
1684198563328,2023-05-15T17:56:03.328(UTC-07:00),30451,42857,
1684198563348,2023-05-15T17:56:03.348(UTC-07:00),30452,42859,
1684198563368,2023-05-15T17:56:03.368(UTC-07:00),30452,42861,
1684198563389,2023-05-15T17:56:03.389(UTC-07:00),30453,42863,35
1684198563408,2023-05-15T17:56:03.408(UTC-07:00),30453,42865
1684198563428,2023-05-15T17:56:03.428(UTC-07:00),30454,42868,
1684198563448,2023-05-15T17:56:03.448(UTC-07:00),30456,42871,
1684198563467,2023-05-15T17:56:03.467(UTC-07:00),30458,42874,
1684198563487,2023-05-15T17:56:03.487(UTC-07:00),30460,42877,
1684198563507,2023-05-15T17:56:03.507(UTC-07:00),30462,42880,
1684198563526,2023-05-15T17:56:03.526(UTC-07:00),30463,42884,
1684198563546,2023-05-15T17:56:03.546(UTC-07:00),30465,42888,
1684198563566,2023-05-15T17:56:03.566(UTC-07:00),30466,42893,
1684198563585,2023-05-15T17:56:03.585(UTC-07:00),30467,42897,
1684198563605,2023-05-15T17:56:03.605(UTC-07:00),30468,42901,
1684198563625,2023-05-15T17:56:03.625(UTC-07:00),30468,42904,
1684198563644,2023-05-15T17:56:03.644(UTC-07:00),30468,42905,
1684198563664,2023-05-15T17:56:03.664(UTC-07:00),30468,42903,
1684198563684,2023-05-15T17:56:03.684(UTC-07:00),30466,42900,
1684198563704,2023-05-15T17:56:03.704(UTC-07:00),30464,42895,
1684198563723,2023-05-15T17:56:03.723(UTC-07:00),30462,42888,
1684198563743,2023-05-15T17:56:03.743(UTC-07:00),30460,42881,
1684198563763,2023-05-15T17:56:03.763(UTC-07:00),30457,42874,
1684198563782,2023-05-15T17:56:03.782(UTC-07:00),30455,42868,
1684198563802,2023-05-15T17:56:03.802(UTC-07:00),30453,42864,
1684198563822,2023-05-15T17:56:03.822(UTC-07:00),30451,42861,
1684198563841,2023-05-15T17:56:03.841(UTC-07:00),30450,42860,
1684198563861,2023-05-15T17:56:03.861(UTC-07:00),30450,42859,
1684198563881,2023-05-15T17:56:03.881(UTC-07:00),30450,42859,
1684198563900,2023-05-15T17:56:03.900(UTC-07:00),30450,42859,
1684198563920,2023-05-15T17:56:03.920(UTC-07:00),30450,42860,
1684198563940,2023-05-15T17:56:03.940(UTC-07:00),30450,42860,
1684198563959,2023-05-15T17:56:03.959(UTC-07:00),30451,42861,
1684198563979,2023-05-15T17:56:03.979(UTC-07:00),30451,42863,
1684198563999,2023-05-15T17:56:03.999(UTC-07:00),30452,42864,
1684198564019,2023-05-15T17:56:04.019(UTC-07:00),30453,42866,35
1684198564040,2023-05-15T17:56:04.040(UTC-07:00),30454,42868
1684198564062,2023-05-15T17:56:04.062(UTC-07:00),30454,42868,
1684198564083,2023-05-15T17:56:04.083(UTC-07:00),30454,42868,
1684198564105,2023-05-15T17:56:04.105(UTC-07:00),30453,42868,
1684198564126,2023-05-15T17:56:04.126(UTC-07:00),30453,42868,
1684198564148,2023-05-15T17:56:04.148(UTC-07:00),30453,42869,
1684198564169,2023-05-15T17:56:04.169(UTC-07:00),30453,42870,
1684198564191,2023-05-15T17:56:04.191(UTC-07:00),30454,42873,
1684198564213,2023-05-15T17:56:04.213(UTC-07:00),30455,42876,
1684198564234,2023-05-15T17:56:04.234(UTC-07:00),30456,42880,
1684198564256,2023-05-15T17:56:04.256(UTC-07:00),30457,42884,
1684198564277,2023-05-15T17:56:04.277(UTC-07:00),30459,42889,
1684198564299,2023-05-15T17:56:04.299(UTC-07:00),30460,42893,
1684198564320,2023-05-15T17:56:04.320(UTC-07:00),30462,42897,
1684198564342,2023-05-15T17:56:04.342(UTC-07:00),30464,42901,
1684198564364,2023-05-15T17:56:04.364(UTC-07:00),30465,42905,
1684198564385,2023-05-15T17:56:04.385(UTC-07:00),30467,42908,
1684198564407,2023-05-15T17:56:04.407(UTC-07:00),30468,42910,
1684198564428,2023-05-15T17:56:04.428(UTC-07:00),30470,42913,
1684198564450,2023-05-15T17:56:04.450(UTC-07:00),30471,42915,
1684198564471,2023-05-15T17:56:04.471(UTC-07:00),30471,42916,
1684198564493,2023-05-15T17:56:04.493(UTC-07:00),30470,42915,
1684198564514,2023-05-15T17:56:04.514(UTC-07:00),30468,42912,
1684198564536,2023-05-15T17:56:04.536(UTC-07:00),30465,42906,
1684198564558,2023-05-15T17:56:04.558(UTC-07:00),30462,42899,
1684198564579,2023-05-15T17:56:04.579(UTC-07:00),30459,42890,
1684198564601,2023-05-15T17:56:04.601(UTC-07:00),30455,42882,
1684198564622,2023-05-15T17:56:04.622(UTC-07:00),30453,42875,
1684198564644,2023-05-15T17:56:04.644(UTC-07:00),30450,42869,
1684198564665,2023-05-15T17:56:04.665(UTC-07:00),30448,42865,
1684198564687,2023-05-15T17:56:04.687(UTC-07:00),30447,42861,
1684198564709,2023-05-15T17:56:04.709(UTC-07:00),30446,42859,35
1684198564727,2023-05-15T17:56:04.727(UTC-07:00),30445,42859
1684198564746,2023-05-15T17:56:04.746(UTC-07:00),30445,42859,
1684198564765,2023-05-15T17:56:04.765(UTC-07:00),30445,42860,
1684198564784,2023-05-15T17:56:04.784(UTC-07:00),30445,42862,
1684198564802,2023-05-15T17:56:04.802(UTC-07:00),30446,42863,
1684198564821,2023-05-15T17:56:04.821(UTC-07:00),30447,42864,
1684198564840,2023-05-15T17:56:04.840(UTC-07:00),30448,42865,
1684198564859,2023-05-15T17:56:04.859(UTC-07:00),30449,42866,
1684198564878,2023-05-15T17:56:04.878(UTC-07:00),30449,42867,
1684198564896,2023-05-15T17:56:04.896(UTC-07:00),30449,42868,
1684198564915,2023-05-15T17:56:04.915(UTC-07:00),30450,42870,
1684198564934,2023-05-15T17:56:04.934(UTC-07:00),30451,42871,
1684198564953,2023-05-15T17:56:04.953(UTC-07:00),30451,42874,
1684198564971,2023-05-15T17:56:04.971(UTC-07:00),30452,42876,
1684198564990,2023-05-15T17:56:04.990(UTC-07:00),30452,42879,
1684198565009,2023-05-15T17:56:05.009(UTC-07:00),30453,42881,
1684198565028,2023-05-15T17:56:05.028(UTC-07:00),30454,42884,
1684198565047,2023-05-15T17:56:05.047(UTC-07:00),30455,42887,
1684198565065,2023-05-15T17:56:05.065(UTC-07:00),30456,42890,
1684198565084,2023-05-15T17:56:05.084(UTC-07:00),30457,42893,
1684198565103,2023-05-15T17:56:05.103(UTC-07:00),30458,42896,
1684198565122,2023-05-15T17:56:05.122(UTC-07:00),30459,42898,
1684198565140,2023-05-15T17:56:05.140(UTC-07:00),30460,42901,
1684198565159,2023-05-15T17:56:05.159(UTC-07:00),30462,42903,
1684198565178,2023-05-15T17:56:05.178(UTC-07:00),30464,42907,
1684198565197,2023-05-15T17:56:05.197(UTC-07:00),30465,42911,
1684198565216,2023-05-15T17:56:05.216(UTC-07:00),30466,42915,
1684198565234,2023-05-15T17:56:05.234(UTC-07:00),30467,42919,
1684198565253,2023-05-15T17:56:05.253(UTC-07:00),30468,42922,
1684198565272,2023-05-15T17:56:05.272(UTC-07:00),30470,42925,
1684198565291,2023-05-15T17:56:05.291(UTC-07:00),30471,42928,
1684198565310,2023-05-15T17:56:05.310(UTC-07:00),30472,42930,35
1684198565330,2023-05-15T17:56:05.330(UTC-07:00),30473,42931
1684198565350,2023-05-15T17:56:05.350(UTC-07:00),30472,42930,
1684198565370,2023-05-15T17:56:05.370(UTC-07:00),30470,42927,
1684198565390,2023-05-15T17:56:05.390(UTC-07:00),30468,42921,
1684198565410,2023-05-15T17:56:05.410(UTC-07:00),30465,42914,
1684198565430,2023-05-15T17:56:05.430(UTC-07:00),30461,42905,
1684198565450,2023-05-15T17:56:05.450(UTC-07:00),30458,42897,
1684198565471,2023-05-15T17:56:05.471(UTC-07:00),30455,42891,
1684198565491,2023-05-15T17:56:05.491(UTC-07:00),30452,42886,
1684198565511,2023-05-15T17:56:05.511(UTC-07:00),30451,42883,
1684198565531,2023-05-15T17:56:05.531(UTC-07:00),30450,42880,
1684198565551,2023-05-15T17:56:05.551(UTC-07:00),30449,42877,
1684198565571,2023-05-15T17:56:05.571(UTC-07:00),30449,42876,
1684198565591,2023-05-15T17:56:05.591(UTC-07:00),30449,42876,
1684198565611,2023-05-15T17:56:05.611(UTC-07:00),30449,42877,
1684198565632,2023-05-15T17:56:05.632(UTC-07:00),30450,42879,
1684198565652,2023-05-15T17:56:05.652(UTC-07:00),30450,42880,
1684198565672,2023-05-15T17:56:05.672(UTC-07:00),30451,42881,
1684198565692,2023-05-15T17:56:05.692(UTC-07:00),30452,42882,
1684198565712,2023-05-15T17:56:05.712(UTC-07:00),30452,42883,
1684198565732,2023-05-15T17:56:05.732(UTC-07:00),30453,42883,
1684198565752,2023-05-15T17:56:05.752(UTC-07:00),30453,42884,
1684198565772,2023-05-15T17:56:05.772(UTC-07:00),30454,42885,
1684198565793,2023-05-15T17:56:05.793(UTC-07:00),30454,42887,
1684198565813,2023-05-15T17:56:05.813(UTC-07:00),30455,42889,
1684198565833,2023-05-15T17:56:05.833(UTC-07:00),30455,42892,
1684198565853,2023-05-15T17:56:05.853(UTC-07:00),30456,42895,
1684198565873,2023-05-15T17:56:05.873(UTC-07:00),30457,42899,
1684198565893,2023-05-15T17:56:05.893(UTC-07:00),30458,42903,
1684198565913,2023-05-15T17:56:05.913(UTC-07:00),30460,42907,
1684198565933,2023-05-15T17:56:05.933(UTC-07:00),30461,42910,
1684198565954,2023-05-15T17:56:05.954(UTC-07:00),30462,42913,35
1684198565973,2023-05-15T17:56:05.973(UTC-07:00),30463,42916
1684198565993,2023-05-15T17:56:05.993(UTC-07:00),30465,42919,
1684198566013,2023-05-15T17:56:06.013(UTC-07:00),30466,42922,
1684198566032,2023-05-15T17:56:06.032(UTC-07:00),30467,42925,
1684198566052,2023-05-15T17:56:06.052(UTC-07:00),30468,42928,
1684198566072,2023-05-15T17:56:06.072(UTC-07:00),30469,42931,
1684198566091,2023-05-15T17:56:06.091(UTC-07:00),30471,42934,
1684198566111,2023-05-15T17:56:06.111(UTC-07:00),30472,42938,
1684198566131,2023-05-15T17:56:06.131(UTC-07:00),30474,42942,
1684198566150,2023-05-15T17:56:06.150(UTC-07:00),30475,42947,
1684198566170,2023-05-15T17:56:06.170(UTC-07:00),30476,42950,
1684198566190,2023-05-15T17:56:06.190(UTC-07:00),30477,42952,
1684198566209,2023-05-15T17:56:06.209(UTC-07:00),30477,42952,
1684198566229,2023-05-15T17:56:06.229(UTC-07:00),30476,42950,
1684198566249,2023-05-15T17:56:06.249(UTC-07:00),30475,42946,
1684198566269,2023-05-15T17:56:06.269(UTC-07:00),30472,42940,
1684198566288,2023-05-15T17:56:06.288(UTC-07:00),30469,42932,
1684198566308,2023-05-15T17:56:06.308(UTC-07:00),30467,42925,
1684198566328,2023-05-15T17:56:06.328(UTC-07:00),30464,42919,
1684198566347,2023-05-15T17:56:06.347(UTC-07:00),30462,42915,
1684198566367,2023-05-15T17:56:06.367(UTC-07:00),30461,42912,
1684198566387,2023-05-15T17:56:06.387(UTC-07:00),30460,42910,
1684198566406,2023-05-15T17:56:06.406(UTC-07:00),30459,42909,
1684198566426,2023-05-15T17:56:06.426(UTC-07:00),30458,42909,
1684198566446,2023-05-15T17:56:06.446(UTC-07:00),30458,42910,
1684198566465,2023-05-15T17:56:06.465(UTC-07:00),30458,42911,
1684198566485,2023-05-15T17:56:06.485(UTC-07:00),30459,42912,
1684198566505,2023-05-15T17:56:06.505(UTC-07:00),30460,42914,
1684198566524,2023-05-15T17:56:06.524(UTC-07:00),30461,42916,
1684198566544,2023-05-15T17:56:06.544(UTC-07:00),30462,42917,
1684198566564,2023-05-15T17:56:06.564(UTC-07:00),30462,42917,
1684198566584,2023-05-15T17:56:06.584(UTC-07:00),30462,42917,35
1684198566606,2023-05-15T17:56:06.606(UTC-07:00),30462,42917
1684198566629,2023-05-15T17:56:06.629(UTC-07:00),30462,42918,
1684198566651,2023-05-15T17:56:06.651(UTC-07:00),30461,42918,
1684198566674,2023-05-15T17:56:06.674(UTC-07:00),30461,42919,
1684198566696,2023-05-15T17:56:06.696(UTC-07:00),30461,42919,
1684198566719,2023-05-15T17:56:06.719(UTC-07:00),30462,42919,
1684198566741,2023-05-15T17:56:06.741(UTC-07:00),30463,42921,
1684198566764,2023-05-15T17:56:06.764(UTC-07:00),30464,42923,
1684198566786,2023-05-15T17:56:06.786(UTC-07:00),30466,42928,
1684198566809,2023-05-15T17:56:06.809(UTC-07:00),30467,42933,
1684198566831,2023-05-15T17:56:06.831(UTC-07:00),30468,42937,
1684198566854,2023-05-15T17:56:06.854(UTC-07:00),30469,42941,
1684198566876,2023-05-15T17:56:06.876(UTC-07:00),30469,42943,
1684198566899,2023-05-15T17:56:06.899(UTC-07:00),30470,42944,
1684198566921,2023-05-15T17:56:06.921(UTC-07:00),30470,42945,
1684198566944,2023-05-15T17:56:06.944(UTC-07:00),30471,42946,
1684198566966,2023-05-15T17:56:06.966(UTC-07:00),30473,42948,
1684198566989,2023-05-15T17:56:06.989(UTC-07:00),30474,42949,
1684198567011,2023-05-15T17:56:07.011(UTC-07:00),30474,42952,
1684198567034,2023-05-15T17:56:07.034(UTC-07:00),30475,42953,
1684198567056,2023-05-15T17:56:07.056(UTC-07:00),30474,42954,
1684198567079,2023-05-15T17:56:07.079(UTC-07:00),30474,42953,
1684198567101,2023-05-15T17:56:07.101(UTC-07:00),30472,42950,
1684198567124,2023-05-15T17:56:07.124(UTC-07:00),30470,42945,
1684198567146,2023-05-15T17:56:07.146(UTC-07:00),30467,42938,
1684198567169,2023-05-15T17:56:07.169(UTC-07:00),30464,42931,
1684198567191,2023-05-15T17:56:07.191(UTC-07:00),30461,42924,
1684198567214,2023-05-15T17:56:07.214(UTC-07:00),30457,42918,
1684198567236,2023-05-15T17:56:07.236(UTC-07:00),30455,42912,
1684198567259,2023-05-15T17:56:07.259(UTC-07:00),30453,42908,
1684198567281,2023-05-15T17:56:07.281(UTC-07:00),30452,42905,
1684198567304,2023-05-15T17:56:07.304(UTC-07:00),30452,42903,35
1684198567322,2023-05-15T17:56:07.322(UTC-07:00),30452,42903
1684198567341,2023-05-15T17:56:07.341(UTC-07:00),30453,42903,
1684198567360,2023-05-15T17:56:07.360(UTC-07:00),30453,42904,
1684198567379,2023-05-15T17:56:07.379(UTC-07:00),30454,42904,
1684198567397,2023-05-15T17:56:07.397(UTC-07:00),30454,42905,
1684198567416,2023-05-15T17:56:07.416(UTC-07:00),30454,42905,
1684198567435,2023-05-15T17:56:07.435(UTC-07:00),30454,42905,
1684198567454,2023-05-15T17:56:07.454(UTC-07:00),30454,42905,
1684198567472,2023-05-15T17:56:07.472(UTC-07:00),30454,42906,
1684198567491,2023-05-15T17:56:07.491(UTC-07:00),30454,42908,
1684198567510,2023-05-15T17:56:07.510(UTC-07:00),30455,42910,
1684198567529,2023-05-15T17:56:07.529(UTC-07:00),30455,42912,
1684198567547,2023-05-15T17:56:07.547(UTC-07:00),30456,42914,
1684198567566,2023-05-15T17:56:07.566(UTC-07:00),30457,42917,
1684198567585,2023-05-15T17:56:07.585(UTC-07:00),30459,42920,
1684198567604,2023-05-15T17:56:07.604(UTC-07:00),30460,42923,
1684198567622,2023-05-15T17:56:07.622(UTC-07:00),30462,42927,
1684198567641,2023-05-15T17:56:07.641(UTC-07:00),30463,42930,
1684198567660,2023-05-15T17:56:07.660(UTC-07:00),30464,42934,
1684198567679,2023-05-15T17:56:07.679(UTC-07:00),30466,42937,
1684198567697,2023-05-15T17:56:07.697(UTC-07:00),30467,42941,
1684198567716,2023-05-15T17:56:07.716(UTC-07:00),30469,42944,
1684198567735,2023-05-15T17:56:07.735(UTC-07:00),30470,42948,
1684198567754,2023-05-15T17:56:07.754(UTC-07:00),30472,42951,
1684198567772,2023-05-15T17:56:07.772(UTC-07:00),30473,42955,
1684198567791,2023-05-15T17:56:07.791(UTC-07:00),30475,42958,
1684198567810,2023-05-15T17:56:07.810(UTC-07:00),30477,42962,
1684198567829,2023-05-15T17:56:07.829(UTC-07:00),30478,42965,
1684198567847,2023-05-15T17:56:07.847(UTC-07:00),30479,42968,
1684198567866,2023-05-15T17:56:07.866(UTC-07:00),30479,42970,
1684198567885,2023-05-15T17:56:07.885(UTC-07:00),30479,42971,
1684198567904,2023-05-15T17:56:07.904(UTC-07:00),30479,42970,35
1684198567923,2023-05-15T17:56:07.923(UTC-07:00),30477,42968
1684198567942,2023-05-15T17:56:07.942(UTC-07:00),30475,42963,
1684198567961,2023-05-15T17:56:07.961(UTC-07:00),30472,42957,
1684198567980,2023-05-15T17:56:07.980(UTC-07:00),30469,42949,
1684198568000,2023-05-15T17:56:08.000(UTC-07:00),30466,42941,
1684198568019,2023-05-15T17:56:08.019(UTC-07:00),30463,42934,
1684198568038,2023-05-15T17:56:08.038(UTC-07:00),30461,42928,
1684198568057,2023-05-15T17:56:08.057(UTC-07:00),30459,42923,
1684198568076,2023-05-15T17:56:08.076(UTC-07:00),30458,42920,
1684198568096,2023-05-15T17:56:08.096(UTC-07:00),30457,42919,
1684198568115,2023-05-15T17:56:08.115(UTC-07:00),30457,42919,
1684198568134,2023-05-15T17:56:08.134(UTC-07:00),30457,42919,
1684198568153,2023-05-15T17:56:08.153(UTC-07:00),30458,42920,
1684198568173,2023-05-15T17:56:08.173(UTC-07:00),30458,42922,
1684198568192,2023-05-15T17:56:08.192(UTC-07:00),30459,42923,
1684198568211,2023-05-15T17:56:08.211(UTC-07:00),30460,42924,
1684198568230,2023-05-15T17:56:08.230(UTC-07:00),30461,42925,
1684198568249,2023-05-15T17:56:08.249(UTC-07:00),30462,42927,
1684198568269,2023-05-15T17:56:08.269(UTC-07:00),30462,42928,
1684198568288,2023-05-15T17:56:08.288(UTC-07:00),30463,42929,
1684198568307,2023-05-15T17:56:08.307(UTC-07:00),30463,42930,
1684198568326,2023-05-15T17:56:08.326(UTC-07:00),30464,42931,
1684198568346,2023-05-15T17:56:08.346(UTC-07:00),30464,42933,
1684198568365,2023-05-15T17:56:08.365(UTC-07:00),30465,42935,
1684198568384,2023-05-15T17:56:08.384(UTC-07:00),30466,42938,
1684198568403,2023-05-15T17:56:08.403(UTC-07:00),30467,42942,
1684198568422,2023-05-15T17:56:08.422(UTC-07:00),30468,42945,
1684198568442,2023-05-15T17:56:08.442(UTC-07:00),30469,42948,
1684198568461,2023-05-15T17:56:08.461(UTC-07:00),30470,42951,
1684198568480,2023-05-15T17:56:08.480(UTC-07:00),30470,42953,
1684198568499,2023-05-15T17:56:08.499(UTC-07:00),30471,42956,
1684198568519,2023-05-15T17:56:08.519(UTC-07:00),30472,42959,35
1684198568539,2023-05-15T17:56:08.539(UTC-07:00),30473,42962
1684198568559,2023-05-15T17:56:08.559(UTC-07:00),30475,42965,
1684198568579,2023-05-15T17:56:08.579(UTC-07:00),30476,42968,
1684198568599,2023-05-15T17:56:08.599(UTC-07:00),30477,42971,
1684198568619,2023-05-15T17:56:08.619(UTC-07:00),30478,42973,
1684198568639,2023-05-15T17:56:08.639(UTC-07:00),30479,42975,
1684198568660,2023-05-15T17:56:08.660(UTC-07:00),30481,42977,
1684198568680,2023-05-15T17:56:08.680(UTC-07:00),30482,42979,
1684198568700,2023-05-15T17:56:08.700(UTC-07:00),30482,42981,
1684198568720,2023-05-15T17:56:08.720(UTC-07:00),30481,42981,
1684198568740,2023-05-15T17:56:08.740(UTC-07:00),30480,42980,
1684198568760,2023-05-15T17:56:08.760(UTC-07:00),30478,42977,
1684198568781,2023-05-15T17:56:08.781(UTC-07:00),30475,42972,
1684198568801,2023-05-15T17:56:08.801(UTC-07:00),30473,42965,
1684198568821,2023-05-15T17:56:08.821(UTC-07:00),30470,42958,
1684198568841,2023-05-15T17:56:08.841(UTC-07:00),30467,42951,
1684198568861,2023-05-15T17:56:08.861(UTC-07:00),30465,42946,
1684198568881,2023-05-15T17:56:08.881(UTC-07:00),30462,42941,
1684198568901,2023-05-15T17:56:08.901(UTC-07:00),30461,42938,
1684198568922,2023-05-15T17:56:08.922(UTC-07:00),30460,42936,
1684198568942,2023-05-15T17:56:08.942(UTC-07:00),30459,42935,
1684198568962,2023-05-15T17:56:08.962(UTC-07:00),30460,42935,
1684198568982,2023-05-15T17:56:08.982(UTC-07:00),30460,42936,
1684198569002,2023-05-15T17:56:09.002(UTC-07:00),30461,42936,
1684198569022,2023-05-15T17:56:09.022(UTC-07:00),30461,42937,
1684198569043,2023-05-15T17:56:09.043(UTC-07:00),30462,42938,
1684198569063,2023-05-15T17:56:09.063(UTC-07:00),30462,42939,
1684198569083,2023-05-15T17:56:09.083(UTC-07:00),30461,42939,
1684198569103,2023-05-15T17:56:09.103(UTC-07:00),30461,42939,
1684198569123,2023-05-15T17:56:09.123(UTC-07:00),30461,42939,
1684198569143,2023-05-15T17:56:09.143(UTC-07:00),30461,42940,
1684198569164,2023-05-15T17:56:09.164(UTC-07:00),30462,42941,35
1684198569183,2023-05-15T17:56:09.183(UTC-07:00),30463,42943
1684198569203,2023-05-15T17:56:09.203(UTC-07:00),30464,42945,
1684198569223,2023-05-15T17:56:09.223(UTC-07:00),30465,42948,
1684198569242,2023-05-15T17:56:09.242(UTC-07:00),30465,42950,
1684198569262,2023-05-15T17:56:09.262(UTC-07:00),30466,42951,
1684198569282,2023-05-15T17:56:09.282(UTC-07:00),30468,42953,
1684198569302,2023-05-15T17:56:09.302(UTC-07:00),30469,42956,
1684198569321,2023-05-15T17:56:09.321(UTC-07:00),30470,42959,
1684198569341,2023-05-15T17:56:09.341(UTC-07:00),30472,42963,
1684198569361,2023-05-15T17:56:09.361(UTC-07:00),30473,42967,
1684198569380,2023-05-15T17:56:09.380(UTC-07:00),30474,42971,
1684198569400,2023-05-15T17:56:09.400(UTC-07:00),30476,42975,
1684198569420,2023-05-15T17:56:09.420(UTC-07:00),30477,42978,
1684198569440,2023-05-15T17:56:09.440(UTC-07:00),30478,42982,
1684198569459,2023-05-15T17:56:09.459(UTC-07:00),30479,42984,
1684198569479,2023-05-15T17:56:09.479(UTC-07:00),30480,42986,
1684198569499,2023-05-15T17:56:09.499(UTC-07:00),30480,42987,
1684198569518,2023-05-15T17:56:09.518(UTC-07:00),30480,42986,
1684198569538,2023-05-15T17:56:09.538(UTC-07:00),30479,42983,
1684198569558,2023-05-15T17:56:09.558(UTC-07:00),30477,42978,
1684198569578,2023-05-15T17:56:09.578(UTC-07:00),30475,42972,
1684198569597,2023-05-15T17:56:09.597(UTC-07:00),30471,42965,
1684198569617,2023-05-15T17:56:09.617(UTC-07:00),30468,42958,
1684198569637,2023-05-15T17:56:09.637(UTC-07:00),30465,42952,
1684198569656,2023-05-15T17:56:09.656(UTC-07:00),30463,42948,
1684198569676,2023-05-15T17:56:09.676(UTC-07:00),30461,42945,
1684198569696,2023-05-15T17:56:09.696(UTC-07:00),30460,42943,
1684198569716,2023-05-15T17:56:09.716(UTC-07:00),30460,42941,
1684198569735,2023-05-15T17:56:09.735(UTC-07:00),30459,42940,
1684198569755,2023-05-15T17:56:09.755(UTC-07:00),30458,42940,
1684198569775,2023-05-15T17:56:09.775(UTC-07:00),30457,42940,
1684198569795,2023-05-15T17:56:09.795(UTC-07:00),30457,42939,35
1684198569817,2023-05-15T17:56:09.817(UTC-07:00),30456,42939
1684198569839,2023-05-15T17:56:09.839(UTC-07:00),30456,42939,
1684198569862,2023-05-15T17:56:09.862(UTC-07:00),30456,42939,
1684198569884,2023-05-15T17:56:09.884(UTC-07:00),30456,42938,
1684198569907,2023-05-15T17:56:09.907(UTC-07:00),30456,42937,
1684198569929,2023-05-15T17:56:09.929(UTC-07:00),30456,42936,
1684198569952,2023-05-15T17:56:09.952(UTC-07:00),30457,42936,
1684198569974,2023-05-15T17:56:09.974(UTC-07:00),30456,42936,
1684198569997,2023-05-15T17:56:09.997(UTC-07:00),30456,42937,
1684198570019,2023-05-15T17:56:10.019(UTC-07:00),30456,42939,
1684198570042,2023-05-15T17:56:10.042(UTC-07:00),30456,42942,
1684198570064,2023-05-15T17:56:10.064(UTC-07:00),30457,42945,
1684198570087,2023-05-15T17:56:10.087(UTC-07:00),30458,42948,
1684198570109,2023-05-15T17:56:10.109(UTC-07:00),30460,42950,
1684198570132,2023-05-15T17:56:10.132(UTC-07:00),30461,42953,
1684198570154,2023-05-15T17:56:10.154(UTC-07:00),30462,42955,
1684198570176,2023-05-15T17:56:10.176(UTC-07:00),30463,42957,
1684198570199,2023-05-15T17:56:10.199(UTC-07:00),30464,42960,
1684198570221,2023-05-15T17:56:10.221(UTC-07:00),30465,42962,
1684198570244,2023-05-15T17:56:10.244(UTC-07:00),30466,42965,
1684198570266,2023-05-15T17:56:10.266(UTC-07:00),30467,42967,
1684198570289,2023-05-15T17:56:10.289(UTC-07:00),30467,42969,
1684198570311,2023-05-15T17:56:10.311(UTC-07:00),30467,42969,
1684198570334,2023-05-15T17:56:10.334(UTC-07:00),30467,42969,
1684198570356,2023-05-15T17:56:10.356(UTC-07:00),30467,42968,
1684198570379,2023-05-15T17:56:10.379(UTC-07:00),30465,42964,
1684198570401,2023-05-15T17:56:10.401(UTC-07:00),30463,42959,
1684198570424,2023-05-15T17:56:10.424(UTC-07:00),30459,42952,
1684198570446,2023-05-15T17:56:10.446(UTC-07:00),30455,42943,
1684198570469,2023-05-15T17:56:10.469(UTC-07:00),30451,42934,
1684198570491,2023-05-15T17:56:10.491(UTC-07:00),30447,42926,
1684198570514,2023-05-15T17:56:10.514(UTC-07:00),30444,42918,35
1684198570532,2023-05-15T17:56:10.532(UTC-07:00),30441,42911
1684198570551,2023-05-15T17:56:10.551(UTC-07:00),30439,42907,
1684198570570,2023-05-15T17:56:10.570(UTC-07:00),30437,42903,
1684198570589,2023-05-15T17:56:10.589(UTC-07:00),30436,42901,
1684198570607,2023-05-15T17:56:10.607(UTC-07:00),30435,42899,
1684198570626,2023-05-15T17:56:10.626(UTC-07:00),30435,42898,
1684198570645,2023-05-15T17:56:10.645(UTC-07:00),30435,42898,
1684198570664,2023-05-15T17:56:10.664(UTC-07:00),30435,42899,
1684198570682,2023-05-15T17:56:10.682(UTC-07:00),30435,42900,
1684198570701,2023-05-15T17:56:10.701(UTC-07:00),30436,42902,
1684198570720,2023-05-15T17:56:10.720(UTC-07:00),30436,42903,
1684198570739,2023-05-15T17:56:10.739(UTC-07:00),30436,42903,
1684198570757,2023-05-15T17:56:10.757(UTC-07:00),30435,42903,
1684198570776,2023-05-15T17:56:10.776(UTC-07:00),30435,42903,
1684198570795,2023-05-15T17:56:10.795(UTC-07:00),30434,42903,
1684198570814,2023-05-15T17:56:10.814(UTC-07:00),30435,42904,
1684198570832,2023-05-15T17:56:10.832(UTC-07:00),30436,42905,
1684198570851,2023-05-15T17:56:10.851(UTC-07:00),30437,42908,
1684198570870,2023-05-15T17:56:10.870(UTC-07:00),30439,42911,
1684198570889,2023-05-15T17:56:10.889(UTC-07:00),30440,42914,
1684198570907,2023-05-15T17:56:10.907(UTC-07:00),30441,42918,
1684198570926,2023-05-15T17:56:10.926(UTC-07:00),30443,42921,
1684198570945,2023-05-15T17:56:10.945(UTC-07:00),30444,42923,
1684198570964,2023-05-15T17:56:10.964(UTC-07:00),30444,42926,
1684198570982,2023-05-15T17:56:10.982(UTC-07:00),30445,42929,
1684198571001,2023-05-15T17:56:11.001(UTC-07:00),30447,42932,
1684198571020,2023-05-15T17:56:11.020(UTC-07:00),30448,42935,
1684198571039,2023-05-15T17:56:11.039(UTC-07:00),30449,42938,
1684198571057,2023-05-15T17:56:11.057(UTC-07:00),30450,42941,
1684198571076,2023-05-15T17:56:11.076(UTC-07:00),30451,42943,
1684198571095,2023-05-15T17:56:11.095(UTC-07:00),30451,42944,
1684198571114,2023-05-15T17:56:11.114(UTC-07:00),30451,42945,35
1684198571133,2023-05-15T17:56:11.133(UTC-07:00),30451,42944
1684198571152,2023-05-15T17:56:11.152(UTC-07:00),30450,42942,
1684198571171,2023-05-15T17:56:11.171(UTC-07:00),30449,42938,
1684198571191,2023-05-15T17:56:11.191(UTC-07:00),30447,42932,
1684198571210,2023-05-15T17:56:11.210(UTC-07:00),30444,42923,
1684198571229,2023-05-15T17:56:11.229(UTC-07:00),30440,42914,
1684198571248,2023-05-15T17:56:11.248(UTC-07:00),30436,42905,
1684198571268,2023-05-15T17:56:11.268(UTC-07:00),30432,42897,
1684198571287,2023-05-15T17:56:11.287(UTC-07:00),30429,42891,
1684198571306,2023-05-15T17:56:11.306(UTC-07:00),30426,42887,
1684198571325,2023-05-15T17:56:11.325(UTC-07:00),30425,42884,
1684198571345,2023-05-15T17:56:11.345(UTC-07:00),30424,42882,
1684198571364,2023-05-15T17:56:11.364(UTC-07:00),30423,42881,
1684198571383,2023-05-15T17:56:11.383(UTC-07:00),30424,42881,
1684198571402,2023-05-15T17:56:11.402(UTC-07:00),30424,42883,
1684198571422,2023-05-15T17:56:11.422(UTC-07:00),30425,42886,
1684198571441,2023-05-15T17:56:11.441(UTC-07:00),30425,42888,
1684198571460,2023-05-15T17:56:11.460(UTC-07:00),30425,42889,
1684198571479,2023-05-15T17:56:11.479(UTC-07:00),30425,42889,
1684198571499,2023-05-15T17:56:11.499(UTC-07:00),30424,42888,
1684198571518,2023-05-15T17:56:11.518(UTC-07:00),30425,42888,
1684198571537,2023-05-15T17:56:11.537(UTC-07:00),30425,42888,
1684198571556,2023-05-15T17:56:11.556(UTC-07:00),30425,42888,
1684198571576,2023-05-15T17:56:11.576(UTC-07:00),30426,42889,
1684198571595,2023-05-15T17:56:11.595(UTC-07:00),30426,42889,
1684198571614,2023-05-15T17:56:11.614(UTC-07:00),30426,42890,
1684198571633,2023-05-15T17:56:11.633(UTC-07:00),30427,42891,
1684198571653,2023-05-15T17:56:11.653(UTC-07:00),30428,42893,
1684198571672,2023-05-15T17:56:11.672(UTC-07:00),30429,42896,
1684198571691,2023-05-15T17:56:11.691(UTC-07:00),30430,42899,
1684198571710,2023-05-15T17:56:11.710(UTC-07:00),30430,42901,
1684198571730,2023-05-15T17:56:11.730(UTC-07:00),30431,42904,35
